Material,Plant,Material description,Price,Currency,Last Change,Valuation Type,Material type,Material Group,Base Unit of Measure,Purchasing Group,ABC Indicator,MRP Type,Valuation Class,Price control,Price unit,Created by
1600C,US01,1600C PORTABLE COMPRESSOR,"3,000.00",USD,06/27/2022,,KMAT,10001,EA,,,PD,7920,S,1,KALYANRA
1600E,US01,1600E PORTABLE COMPRESSOR,0.01,USD,06/10/2022,,KMAT,10001,EA,,,PD,7920,S,1,KALYANRA
1600J,US01,1600J PORTABLE COMPRESSOR,0.01,USD,07/01/2022,,KMAT,10001,EA,,,PD,7920,S,1,KALYANRA
1600K,US01,1600K PORTABLE COMPRESSOR,0.01,USD,05/09/2022,,KMAT,10001,EA,,,PD,7920,S,1,KALYANRA
185D,US01,185D_KU4F,"3,000.00",USD,06/03/2022,,KMAT,10001,EA,,,PD,7920,S,1,KALYANRA
185F,US01,185F PORTABLE COMPRESSOR,0.01,USD,05/09/2022,,KMAT,10001,EA,,,PD,7920,S,1,KALYANRA
260E_SALES_KMAT,US01,260E SALES KMAT,0.01,USD,08/17/2022,,KMAT,10001,EA,,,PD,7920,S,1,FFID_VC_CM1
375B,US01,375B PORTABLE COMPRESSOR,"3,000.00",USD,05/12/2022,,KMAT,10001,EA,,,PD,7920,S,1,KALYANRA
375D,US01,375D PORTABLE COMPRESSOR,"3,000.00",USD,05/12/2022,,KMAT,10001,EA,,,PD,7920,S,1,KALYANRA
750B_SALES_KMAT,US01,750B SALES KMAT,0.01,USD,04/28/2022,,KMAT,10001,EA,,,PD,7920,S,1,FFID_VC_CM1
900D,US01,900D PORTABLE COMPRESSOR,0.01,USD,08/24/2022,,KMAT,10001,EA,,,PD,7920,S,1,KALYANRA
DR13_SALES_KMAT,US01,DR13 SALES KMAT,0.01,USD,04/28/2022,,KMAT,10001,EA,,,PD,7920,S,1,FFID_VC_CM1
DRAINS_SALES_KMAT,US01,DRAINS SALES KMAT,0.01,USD,04/28/2022,,KMAT,10001,EA,,,PD,7920,S,1,FFID_VC_CM1
DRYERS_SALES_KMAT,US01,DRYERS SALES KMAT,0.01,USD,04/28/2022,,KMAT,10001,EA,,,PD,7920,S,1,VC_RFC_USER
DS13,US01,DS13 OIL FREE COMPRESSOR,0.01,USD,06/10/2022,,KMAT,10001,EA,,,PD,7920,S,1,KALYANRA
DSP_SALES_KMAT,US01,DSP SALES KMAT,0.01,USD,04/28/2022,,KMAT,10001,EA,,,PD,7920,S,1,FFID_VC_CM1
E900H_SALES_KMAT,US01,E900H SALES KMAT,1,USD,04/28/2022,,KMAT,10001,EA,,,ND,7920,S,1,FFID_VC_CM1
ES6B,US01,ES6B ENCAPSULATED COMPRESSOR,0.01,USD,04/09/2022,,KMAT,10001,EA,,,PD,7920,S,1,KALYANRA
FILTER_SALES_KMAT,US01,FILTER SALES KMAT,0.01,USD,08/24/2022,,KMAT,10001,EA,,,PD,7920,S,1,FFID_VC_CM1
LS160,US01,LS160 STATIONARY COMPRESSOR,0.01,USD,04/26/2022,,KMAT,10001,EA,,,PD,7920,S,1,KALYANRA
LS20T,US01,LS20T STATIONARY COMPRESSOR,0.01,USD,04/26/2022,,KMAT,10001,EA,,,PD,7920,S,1,KALYANRA
LS90-110,US01,LS90-110 STATIONARY COMPRESSOR,0.01,USD,05/03/2022,,KMAT,10001,EA,,,PD,7920,S,1,FFID_VC_CM2
M_ACACOPT_TS32SC,US01,M_ACACOPT_TS32SC,0,USD,04/15/2022,,KMAT,10001,EA,,,PD,7920,S,1,FFID_VC_CM1
M_ADPT_HITCH_375D,US01,M_ADPT_HITCH_375D,0,USD,04/15/2022,,KMAT,10001,EA,,,PD,7920,S,1,FFID_VC_CM1
M_AF_MNT_IND_185D,US01,M_AF_MNT_IND_185D,0,USD,04/15/2022,,KMAT,10001,EA,,,PD,7920,S,1,FFID_VC_CM1
M_AF_MNT_IND_375B,US01,M_AF_MNT_IND_375B,0,USD,04/15/2022,,KMAT,10001,EA,,,PD,7920,S,1,FFID_VC_CM1
M_AIRINL_DS13,US01,M_AIRINL_DS13,0,USD,04/15/2022,,KMAT,10001,EA,,,PD,7920,S,1,FFID_VC_CM1
M_AIRINL_ES6B,US01,M_AIRINL_ES6B,0,USD,04/15/2022,,KMAT,10001,EA,,,PD,7920,S,1,FFID_VC_CM1
M_AIRINL_LS160,US01,M_AIRINL_LS160,0,USD,04/15/2022,,KMAT,10001,EA,,,PD,7920,S,1,FFID_VC_CM1
M_AIRINL_LS20T,US01,M_AIRINL_LS20T,0,USD,04/15/2022,,KMAT,10001,EA,,,PD,7920,S,1,FFID_VC_CM1
M_AIRINL_LS90-110,US01,M_AIRINL_LS90-110,0,USD,04/15/2022,,KMAT,10001,EA,,,PD,7920,S,1,FFID_VC_CM1
M_AIRINL_SN11-18,US01,M_AIRINL_SN11-18,0,USD,04/15/2022,,KMAT,10001,EA,,,PD,7920,S,1,FFID_VC_CM1
M_AIRINL_SN18-30,US01,M_AIRINL_SN18-30,0,USD,04/15/2022,,KMAT,10001,EA,,,PD,7920,S,1,FFID_VC_CM1
M_AIRINL_SN30PB-45B,US01,M_AIRINL_SN30PB-45B,0,USD,04/15/2022,,KMAT,10001,EA,,,PD,7920,S,1,FFID_VC_CM1
M_AIRINL_SN55-75,US01,M_AIRINL_SN55-75,0,USD,04/15/2022,,KMAT,10001,EA,,,PD,7920,S,1,FFID_VC_CM1
M_AIRINL_TS32C,US01,M_AIRINL_TS32C,0,USD,04/15/2022,,KMAT,10001,EA,,,PD,7920,S,1,FFID_VC_CM1
M_AIRINL_TS32SC,US01,M_AIRINL_TS32SC,0,USD,04/15/2022,,KMAT,10001,EA,,,PD,7920,S,1,FFID_VC_CM1
M_AIRINL_VS10A,US01,M_AIRINL_VS10A,0,USD,04/15/2022,,KMAT,10001,EA,,,PD,7920,S,1,FFID_VC_CM1
M_AIRINL_VS12A,US01,M_AIRINL_VS12A,0,USD,04/15/2022,,KMAT,10001,EA,,,PD,7920,S,1,FFID_VC_CM1
M_AIRINL_VS16-20A,US01,M_AIRINL_VS16-20A,0,USD,04/15/2022,,KMAT,10001,EA,,,PD,7920,S,1,FFID_VC_CM1
M_AIROC_DS13,US01,M_AIROC_DS13,0,USD,04/15/2022,,KMAT,10001,EA,,,PD,7920,S,1,FFID_VC_CM1
M_AIROC_ES6B,US01,M_AIROC_ES6B,0,USD,04/15/2022,,KMAT,10001,EA,,,PD,7920,S,1,FFID_VC_CM1
M_AIROC_LS160,US01,M_AIROC_LS160,0,USD,04/15/2022,,KMAT,10001,EA,,,PD,7920,S,1,FFID_VC_CM1
M_AIROC_LS20T,US01,M_AIROC_LS20T,0,USD,04/15/2022,,KMAT,10001,EA,,,PD,7920,S,1,FFID_VC_CM1
M_AIROC_LS90-110,US01,M_AIROC_LS90-110,0,USD,04/15/2022,,KMAT,10001,EA,,,PD,7920,S,1,FFID_VC_CM1
M_AIROC_SN11-18,US01,M_AIROC_SN11-18,0,USD,04/15/2022,,KMAT,10001,EA,,,PD,7920,S,1,FFID_VC_CM1
M_AIROC_SN18-30,US01,M_AIROC_SN18-30,0,USD,04/15/2022,,KMAT,10001,EA,,,PD,7920,S,1,FFID_VC_CM1
M_AIROC_SN30PB-45B,US01,M_AIROC_SN30PB-45B,0,USD,04/15/2022,,KMAT,10001,EA,,,PD,7920,S,1,FFID_VC_CM1
M_AIROC_SN55-75,US01,M_AIROC_SN55-75,0,USD,04/15/2022,,KMAT,10001,EA,,,PD,7920,S,1,FFID_VC_CM1
M_AIROC_TS32C,US01,M_AIROC_TS32C,0,USD,04/15/2022,,KMAT,10001,EA,,,PD,7920,S,1,FFID_VC_CM1
M_AIROC_TS32SC,US01,M_AIROC_TS32SC,0,USD,04/15/2022,,KMAT,10001,EA,,,PD,7920,S,1,FFID_VC_CM1
M_AIROC_VS10A,US01,M_AIROC_VS10A,0,USD,04/15/2022,,KMAT,10001,EA,,,PD,7920,S,1,FFID_VC_CM1
M_AIROC_VS12A,US01,M_AIROC_VS12A,0,USD,04/15/2022,,KMAT,10001,EA,,,PD,7920,S,1,FFID_VC_CM1
M_AIROC_VS16-20A,US01,M_AIROC_VS16-20A,0,USD,04/15/2022,,KMAT,10001,EA,,,PD,7920,S,1,FFID_VC_CM1
M_AIROC_VS25-32A,US01,M_AIROC_VS25-32A,0,USD,04/15/2022,,KMAT,10001,EA,,,PD,7920,S,1,FFID_VC_CM1
M_AIRPP_DS13,US01,M_AIRPP_DS13,0,USD,04/15/2022,,KMAT,10001,EA,,,PD,7920,S,1,FFID_VC_CM1
M_AIRPP_ES6B,US01,M_AIRPP_ES6B,0,USD,04/15/2022,,KMAT,10001,EA,,,PD,7920,S,1,FFID_VC_CM1
M_AIRPP_LS160,US01,M_AIRPP_LS160,0,USD,04/15/2022,,KMAT,10001,EA,,,PD,7920,S,1,FFID_VC_CM1
M_AIRPP_LS20T,US01,M_AIRPP_LS20T,0,USD,04/15/2022,,KMAT,10001,EA,,,PD,7920,S,1,FFID_VC_CM1
M_AIRPP_LS90-110,US01,M_AIRPP_LS90-110,0,USD,04/15/2022,,KMAT,10001,EA,,,PD,7920,S,1,FFID_VC_CM1
M_AIRPP_SN11-18,US01,M_AIRPP_SN11-18,0,USD,04/15/2022,,KMAT,10001,EA,,,PD,7920,S,1,FFID_VC_CM1
M_AIRPP_SN18-30,US01,M_AIRPP_SN18-30,0,USD,04/15/2022,,KMAT,10001,EA,,,PD,7920,S,1,FFID_VC_CM1
M_AIRPP_SN30PB-45B,US01,M_AIRPP_SN30PB-45B,0,USD,04/15/2022,,KMAT,10001,EA,,,PD,7920,S,1,FFID_VC_CM1
M_AIRPP_SN55-75,US01,M_AIRPP_SN55-75,0,USD,04/15/2022,,KMAT,10001,EA,,,PD,7920,S,1,FFID_VC_CM1
M_AIRPP_TS32C,US01,M_AIRPP_TS32C,0,USD,04/15/2022,,KMAT,10001,EA,,,PD,7920,S,1,FFID_VC_CM1
M_AIRPP_TS32SC,US01,M_AIRPP_TS32SC,0,USD,04/15/2022,,KMAT,10001,EA,,,PD,7920,S,1,FFID_VC_CM1
M_AIR_INLET_1600C,US01,M_AIR_INLET_1600C,0,USD,04/15/2022,,KMAT,10001,EA,,,PD,7920,S,1,FFID_ALL5
M_AIR_INLET_1600E,US01,M_AIR_INLET_1600E,0,USD,04/15/2022,,KMAT,10001,EA,,,PD,7920,S,1,VC_RFC_USER
M_AIR_INLET_1600J,US01,M_AIR_INLET_1600J,0,USD,04/15/2022,,KMAT,10001,EA,,,PD,7920,S,1,FFID_ALL5
M_AIR_INLET_1600K,US01,M_AIR_INLET_1600K,0,USD,04/15/2022,,KMAT,10001,EA,,,PD,7920,S,1,FFID_VC_CM1
M_AIR_INLET_185D,US01,M_AIR_INLET_185D,0,USD,05/03/2022,,KMAT,10001,EA,,,PD,7920,S,1,FFID_VC_CM1
M_AIR_INLET_185F,US01,M_AIR_INLET_185F,0,USD,04/15/2022,,KMAT,10001,EA,,,PD,7920,S,1,FFID_VC_CM1
M_AIR_INLET_375B,US01,M_AIR_INLET_375B,0,USD,04/15/2022,,KMAT,10001,EA,,,PD,7920,S,1,FFID_VC_CM1
M_AIR_INLET_375D,US01,M_AIR_INLET_375D,0,USD,04/15/2022,,KMAT,10001,EA,,,PD,7920,S,1,FFID_ALL5
M_AIR_INLET_900D,US01,M_AIR_INLET_900D,0,USD,04/15/2022,,KMAT,10001,EA,,,PD,7920,S,1,FFID_VC_CM1
M_AIR_INLET_OFD1500B,US01,M_AIR_INLET_OFD1500B,0,USD,04/15/2022,,KMAT,10001,EA,,,PD,7920,S,1,FFID_VC_CM1
M_AIR_INLET_OFD1500E,US01,M_AIR_INLET_OFD1500E,0,USD,04/15/2022,,KMAT,10001,EA,,,PD,7920,S,1,FFID_VC_CM1
M_AIR_INLET_VS25-32A,US01,M_AIR_INLET_VS25-32A,0,USD,04/15/2022,,KMAT,10001,EA,,,PD,7920,S,1,FFID_VC_CM1
M_ALHORWOP_DS13,US01,M_ALHORWOP_DS13,0,USD,04/15/2022,,KMAT,10001,EA,,,PD,7920,S,1,FFID_VC_CM1
M_ALHORWOP_VS16-20A,US01,M_ALHORWOP_VS16-20A,0,USD,04/15/2022,,KMAT,10001,EA,,,PD,7920,S,1,FFID_VC_CM1
M_ALHORWOP_VS25-32A,US01,M_ALHORWOP_VS25-32A,0,USD,04/15/2022,,KMAT,10001,EA,,,PD,7920,S,1,FFID_VC_CM1
M_AMB_STRB_375B,US01,M_AMB_STRB_375B,0,USD,04/15/2022,,KMAT,10001,EA,,,PD,7920,S,1,FFID_VC_CM1
M_AUXCTBOP_VS10A,US01,M_AUXCTBOP_VS10A,0,USD,04/15/2022,,KMAT,10001,EA,,,PD,7920,S,1,FFID_VC_CM1
M_AUXCTBOP_VS12A,US01,M_AUXCTBOP_VS12A,0,USD,04/15/2022,,KMAT,10001,EA,,,PD,7920,S,1,FFID_VC_CM1
M_AUXCTBOP_VS16-20A,US01,M_AUXCTBOP_VS16-20A,0,USD,04/15/2022,,KMAT,10001,EA,,,PD,7920,S,1,FFID_VC_CM1
M_AUXCTBOP_VS25-32A,US01,M_AUXCTBOP_VS25-32A,0,USD,04/15/2022,,KMAT,10001,EA,,,PD,7920,S,1,FFID_VC_CM1
M_AUXXFMR_DS13,US01,M_AUXXFMR_DS13,0,USD,04/15/2022,,KMAT,10001,EA,,,PD,7920,S,1,FFID_VC_CM1
M_AUXXFMR_SN30PB-45B,US01,M_AUXXFMR_SN30PB-45B,0,USD,04/15/2022,,KMAT,10001,EA,,,PD,7920,S,1,FFID_VC_CM1
M_AUXXFMR_TS32C,US01,M_AUXXFMR_TS32C,0,USD,04/15/2022,,KMAT,10001,EA,,,PD,7920,S,1,FFID_VC_CM1
M_BATCHGOPT_1600J,US01,M_BATCHGOPT_1600J,0,USD,04/15/2022,,KMAT,10001,EA,,,PD,7920,S,1,FFID_VC_CM1
M_BATCHGOPT_1600K,US01,M_BATCHGOPT_1600K,0,USD,04/15/2022,,KMAT,10001,EA,,,PD,7920,S,1,FFID_VC_CM1
M_BATCHGOPT_900D,US01,M_BATCHGOPT_900D,0,USD,04/15/2022,,KMAT,10001,EA,,,PD,7920,S,1,FFID_VC_CM1
M_CABLEPLUGS_185D,US01,M_CABLEPLUGS_185D,0,USD,04/15/2022,,KMAT,10001,EA,,,PD,7920,S,1,FFID_VC_CM1
M_CABLEPLUGS_185F,US01,M_CABLEPLUGS_185F,0,USD,04/15/2022,,KMAT,10001,EA,,,PD,7920,S,1,FFID_VC_CM1
M_CABLEPLUG_375B,US01,M_CABLEPLUG_375B,0,USD,04/15/2022,,KMAT,10001,EA,,,PD,7920,S,1,FFID_VC_CM1
M_CABLEPLUG_375D,US01,M_CABLEPLUG_375D,0,USD,04/15/2022,,KMAT,10001,EA,,,PD,7920,S,1,FFID_ALL5
M_CANOPY_1600C,US01,M_CANOPY_1600C,0,USD,04/15/2022,,KMAT,10001,EA,,,PD,7920,S,1,FFID_VC_CM1
M_CANOPY_1600J,US01,M_CANOPY_1600J,0,USD,04/15/2022,,KMAT,10001,EA,,,PD,7920,S,1,FFID_VC_CM1
M_CANOPY_1600K,US01,M_CANOPY_1600K,0,USD,04/15/2022,,KMAT,10001,EA,,,PD,7920,S,1,FFID_VC_CM1
M_CANOPY_185D,US01,M_CANOPY_185D,0,USD,04/15/2022,,KMAT,10001,EA,,,PD,7920,S,1,FFID_VC_CM1
M_CANOPY_185F,US01,M_CANOPY_185F,0,USD,04/15/2022,,KMAT,10001,EA,,,PD,7920,S,1,FFID_VC_CM1
M_CANOPY_375B,US01,M_CANOPY_375B,0,USD,04/15/2022,,KMAT,10001,EA,,,PD,7920,S,1,FFID_VC_CM1
M_CANOPY_375D,US01,M_CANOPY_375D,0,USD,04/15/2022,,KMAT,10001,EA,,,PD,7920,S,1,FFID_ALL5
M_CANOPY_900D,US01,M_CANOPY_900D,0,USD,04/15/2022,,KMAT,10001,EA,,,PD,7920,S,1,FFID_VC_CM1
M_CANOPY_OFD1500B,US01,M_CANOPY_OFD1500B,0,USD,04/15/2022,,KMAT,10001,EA,,,PD,7920,S,1,FFID_VC_CM1
M_CANOPY_OFD1500E,US01,M_CANOPY_OFD1500E,0,USD,04/15/2022,,KMAT,10001,EA,,,PD,7920,S,1,FFID_VC_CM1
M_CARB_REG_375D,US01,M_CARB_REG_375D,0,USD,04/15/2022,,KMAT,10001,EA,,,PD,7920,S,1,FFID_VC_CM1
M_CARB_REG_OFD1500B,US01,M_CARB_REG_OFD1500B,0,USD,04/15/2022,,KMAT,10001,EA,,,PD,7920,S,1,FFID_VC_CM1
M_CLINLOPT_TS32C,US01,M_CLINLOPT_TS32C,0,USD,04/15/2022,,KMAT,10001,EA,,,PD,7920,S,1,FFID_VC_CM1
M_CLINLOPT_TS32SC,US01,M_CLINLOPT_TS32SC,0,USD,04/15/2022,,KMAT,10001,EA,,,PD,7920,S,1,FFID_VC_CM1
M_CLINLOPT_VS10A,US01,M_CLINLOPT_VS10A,0,USD,04/15/2022,,KMAT,10001,EA,,,PD,7920,S,1,FFID_VC_CM1
M_CLINLOPT_VS12A,US01,M_CLINLOPT_VS12A,0,USD,04/15/2022,,KMAT,10001,EA,,,PD,7920,S,1,FFID_VC_CM1
M_CLINLOPT_VS16-20A,US01,M_CLINLOPT_VS16-20A,0,USD,04/15/2022,,KMAT,10001,EA,,,PD,7920,S,1,FFID_VC_CM1
M_CLINLOPT_VS25-32A,US01,M_CLINLOPT_VS25-32A,0,USD,04/15/2022,,KMAT,10001,EA,,,PD,7920,S,1,FFID_VC_CM1
M_CLNAIRINL_ES6B,US01,M_CLNAIRINL_ES6B,0,USD,04/15/2022,,KMAT,10001,EA,,,PD,7920,S,1,FFID_VC_CM1
M_CLNAIRINL_LS90-110,US01,M_CLNAIRINL_LS90-110,0,USD,04/15/2022,,KMAT,10001,EA,,,PD,7920,S,1,FFID_VC_CM1
M_CLNAIRINL_SN11-18,US01,M_CLNAIRINL_SN11-18,0,USD,04/15/2022,,KMAT,10001,EA,,,PD,7920,S,1,FFID_VC_CM1
M_CLNAIRINL_SN18-30,US01,M_CLNAIRINL_SN18-30,0,USD,04/15/2022,,KMAT,10001,EA,,,PD,7920,S,1,FFID_VC_CM1
M_CLNAIRIN_LS160,US01,M_CLNAIRIN_LS160,0,USD,04/15/2022,,KMAT,10001,EA,,,PD,7920,S,1,FFID_VC_CM1
M_CLNAIRIN_SN30PB-45B,US01,M_CLNAIRIN_SN30PB-45B,0,USD,04/15/2022,,KMAT,10001,EA,,,PD,7920,S,1,FFID_VC_CM1
M_CLNAIRIN_SN55-75,US01,M_CLNAIRIN_SN55-75,0,USD,04/15/2022,,KMAT,10001,EA,,,PD,7920,S,1,FFID_VC_CM1
M_CLNG_SYS_1600C,US01,M_CLNG_SYS_1600C,0,USD,04/15/2022,,KMAT,10001,EA,,,PD,7920,S,1,FFID_VC_CM1
M_CLNG_SYS_1600E,US01,M_CLNG_SYS_1600E,0,USD,04/15/2022,,KMAT,10001,EA,,,PD,7920,S,1,VC_RFC_USER
M_CLNG_SYS_1600J,US01,M_CLNG_SYS_1600J,0,USD,04/15/2022,,KMAT,10001,EA,,,PD,7920,S,1,FFID_VC_CM1
M_CLNG_SYS_1600K,US01,M_CLNG_SYS_1600K,0,USD,04/15/2022,,KMAT,10001,EA,,,PD,7920,S,1,FFID_VC_CM1
M_CLNG_SYS_185D,US01,M_CLNG_SYS_185D,0,USD,04/15/2022,,KMAT,10001,EA,,,PD,7920,S,1,FFID_VC_CM1
M_CLNG_SYS_185F,US01,M_CLNG_SYS_185F,0,USD,04/15/2022,,KMAT,10001,EA,,,PD,7920,S,1,FFID_VC_CM1
M_CLNG_SYS_375B,US01,M_CLNG_SYS_375B,0,USD,04/15/2022,,KMAT,10001,EA,,,PD,7920,S,1,FFID_VC_CM1
M_CLNG_SYS_375D,US01,M_CLNG_SYS_375D,0,USD,04/15/2022,,KMAT,10001,EA,,,PD,7920,S,1,FFID_ALL5
M_CLNG_SYS_900D,US01,M_CLNG_SYS_900D,0,USD,04/15/2022,,KMAT,10001,EA,,,PD,7920,S,1,FFID_VC_CM1
M_CLNG_SYS_OFD1500B,US01,M_CLNG_SYS_OFD1500B,0,USD,04/15/2022,,KMAT,10001,EA,,,PD,7920,S,1,FFID_VC_CM1
M_CLNG_SYS_OFD1500E,US01,M_CLNG_SYS_OFD1500E,0,USD,04/15/2022,,KMAT,10001,EA,,,PD,7920,S,1,FFID_VC_CM1
M_CNTBXHOP_LS160,US01,M_CNTBXHOP_LS160,0,USD,04/15/2022,,KMAT,10001,EA,,,PD,7920,S,1,FFID_VC_CM1
M_CNTBXHOP_LS20T,US01,M_CNTBXHOP_LS20T,0,USD,04/15/2022,,KMAT,10001,EA,,,PD,7920,S,1,FFID_VC_CM1
M_CNTBXHOP_LS90-110,US01,M_CNTBXHOP_LS90-110,0,USD,04/15/2022,,KMAT,10001,EA,,,PD,7920,S,1,FFID_VC_CM1
M_CNTBXHOP_SN11-18,US01,M_CNTBXHOP_SN11-18,0,USD,04/15/2022,,KMAT,10001,EA,,,PD,7920,S,1,FFID_VC_CM1
M_CNTBXHOP_SN18-30,US01,M_CNTBXHOP_SN18-30,0,USD,04/15/2022,,KMAT,10001,EA,,,PD,7920,S,1,FFID_VC_CM1
M_CNTBXHOP_SN30PB-45B,US01,M_CNTBXHOP_SN30PB-45B,0,USD,04/15/2022,,KMAT,10001,EA,,,PD,7920,S,1,FFID_VC_CM1
M_CNTBXHOP_SN55-75,US01,M_CNTBXHOP_SN55-75,0,USD,04/15/2022,,KMAT,10001,EA,,,PD,7920,S,1,FFID_VC_CM1
M_CNTBXHOP_TS32C,US01,M_CNTBXHOP_TS32C,0,USD,04/15/2022,,KMAT,10001,EA,,,PD,7920,S,1,FFID_VC_CM1
M_CNTBXHOP_TS32SC,US01,M_CNTBXHOP_TS32SC,0,USD,04/15/2022,,KMAT,10001,EA,,,PD,7920,S,1,FFID_VC_CM1
M_CNTBXHOP_VS10A,US01,M_CNTBXHOP_VS10A,0,USD,04/15/2022,,KMAT,10001,EA,,,PD,7920,S,1,FFID_VC_CM1
M_CNTBXHOP_VS16-20A,US01,M_CNTBXHOP_VS16-20A,0,USD,04/15/2022,,KMAT,10001,EA,,,PD,7920,S,1,FFID_VC_CM1
M_COFTSHOP_TS32C,US01,M_COFTSHOP_TS32C,0,USD,04/15/2022,,KMAT,10001,EA,,,PD,7920,S,1,FFID_VC_CM1
M_COMM_1600J,US01,M_COMM_1600J,0,USD,04/15/2022,,KMAT,10001,EA,,,PD,7920,S,1,FFID_VC_CM1
M_COMM_1600K,US01,M_COMM_1600K,0,USD,04/15/2022,,KMAT,10001,EA,,,PD,7920,S,1,FFID_VC_CM1
M_COMM_185D,US01,M_COMM_185D,0,USD,04/15/2022,,KMAT,10001,EA,,,PD,7920,S,1,FFID_VC_CM1
M_COMM_185F,US01,M_COMM_185F,0,USD,04/15/2022,,KMAT,10001,EA,,,PD,7920,S,1,FFID_VC_CM1
M_COMM_375B,US01,M_COMM_375B,0,USD,04/15/2022,,KMAT,10001,EA,,,PD,7920,S,1,FFID_VC_CM1
M_COMM_375D,US01,M_COMM_375D,0,USD,04/15/2022,,KMAT,10001,EA,,,PD,7920,S,1,FFID_ALL5
M_COMM_900D,US01,M_COMM_900D,0,USD,04/15/2022,,KMAT,10001,EA,,,PD,7920,S,1,FFID_VC_CM1
M_COMM_LS160,US01,M_COMM_LS160,0,USD,04/15/2022,,KMAT,10001,EA,,,PD,7920,S,1,FFID_VC_CM1
M_COMM_LS90-110,US01,M_COMM_LS90-110,0,USD,04/15/2022,,KMAT,10001,EA,,,PD,7920,S,1,FFID_VC_CM1
M_COMM_OFD1500B,US01,M_COMM_OFD1500B,0,USD,04/15/2022,,KMAT,10001,EA,,,PD,7920,S,1,FFID_VC_CM1
M_COMM_OFD1500E,US01,M_COMM_OFD1500E,0,USD,04/15/2022,,KMAT,10001,EA,,,PD,7920,S,1,FFID_VC_CM1
M_COMM_SN11-18,US01,M_COMM_SN11-18,0,USD,04/15/2022,,KMAT,10001,EA,,,PD,7920,S,1,FFID_VC_CM1
M_COMM_SN18-30,US01,M_COMM_SN18-30,0,USD,04/15/2022,,KMAT,10001,EA,,,PD,7920,S,1,FFID_VC_CM1
M_COMM_SN30PB-45B,US01,M_COMM_SN30PB-45B,0,USD,04/15/2022,,KMAT,10001,EA,,,PD,7920,S,1,FFID_VC_CM1
M_COMM_SN55-75,US01,M_COMM_SN55-75,0,USD,04/15/2022,,KMAT,10001,EA,,,PD,7920,S,1,FFID_VC_CM1
M_COMPR_DS13,US01,M_COMPR_DS13,0,USD,04/15/2022,,KMAT,10001,EA,,,PD,7920,S,1,FFID_VC_CM1
M_COMPR_ES6B,US01,M_COMPR_ES6B,0,USD,04/15/2022,,KMAT,10001,EA,,,PD,7920,S,1,FFID_VC_CM1
M_COMPR_LS160,US01,M_COMPR_LS160,0,USD,04/15/2022,,KMAT,10001,EA,,,PD,7920,S,1,FFID_VC_CM1
M_COMPR_LS20T,US01,M_COMPR_LS20T,0,USD,04/15/2022,,KMAT,10001,EA,,,PD,7920,S,1,FFID_VC_CM1
M_COMPR_LS90-110,US01,M_COMPR_LS90-110,0,USD,04/15/2022,,KMAT,10001,EA,,,PD,7920,S,1,FFID_VC_CM1
M_COMPR_SN11-18,US01,M_COMPR_SN11-18,0,USD,04/15/2022,,KMAT,10001,EA,,,PD,7920,S,1,FFID_VC_CM1
M_COMPR_SN18-30,US01,M_COMPR_SN18-30,0,USD,04/15/2022,,KMAT,10001,EA,,,PD,7920,S,1,FFID_VC_CM1
M_COMPR_SN30PB-45B,US01,M_COMPR_SN30PB-45B,0,USD,04/15/2022,,KMAT,10001,EA,,,PD,7920,S,1,FFID_VC_CM1
M_COMPR_SN55-75,US01,M_COMPR_SN55-75,0,USD,04/15/2022,,KMAT,10001,EA,,,PD,7920,S,1,FFID_VC_CM1
M_COMPR_TS32C,US01,M_COMPR_TS32C,0,USD,04/15/2022,,KMAT,10001,EA,,,PD,7920,S,1,FFID_VC_CM1
M_COMPR_TS32SC,US01,M_COMPR_TS32SC,0,USD,04/15/2022,,KMAT,10001,EA,,,PD,7920,S,1,FFID_VC_CM1
M_COMPR_VS10A,US01,M_COMPR_VS10A,0,USD,04/15/2022,,KMAT,10001,EA,,,PD,7920,S,1,FFID_VC_CM1
M_COMPR_VS12A,US01,M_COMPR_VS12A,0,USD,04/15/2022,,KMAT,10001,EA,,,PD,7920,S,1,FFID_VC_CM1
M_COMPR_VS16-20A,US01,M_COMPR_VS16-20A,0,USD,04/15/2022,,KMAT,10001,EA,,,PD,7920,S,1,FFID_VC_CM1
M_COMPR_VS25-32A,US01,M_COMPR_VS25-32A,0,USD,04/15/2022,,KMAT,10001,EA,,,PD,7920,S,1,FFID_VC_CM1
M_COMP_FLUID_1600C,US01,M_COMP_FLUID_1600C,0,USD,04/15/2022,,KMAT,10001,EA,,,PD,7920,S,1,FFID_VC_CM1
M_COMP_FLUID_1600E,US01,M_COMP_FLUID_1600E,0,USD,04/15/2022,,KMAT,10001,EA,,,PD,7920,S,1,VC_RFC_USER
M_COMP_FLUID_1600J,US01,M_COMP_FLUID_1600J,0,USD,04/15/2022,,KMAT,10001,EA,,,PD,7920,S,1,FFID_VC_CM1
M_COMP_FLUID_1600K,US01,M_COMP_FLUID_1600K,0,USD,04/15/2022,,KMAT,10001,EA,,,PD,7920,S,1,FFID_VC_CM1
M_COMP_FLUID_185D,US01,M_COMP_FLUID_185D,0,USD,04/15/2022,,KMAT,10001,EA,,,PD,7920,S,1,FFID_VC_CM1
M_COMP_FLUID_185F,US01,M_COMP_FLUID_185F,0,USD,04/15/2022,,KMAT,10001,EA,,,PD,7920,S,1,FFID_VC_CM1
M_COMP_FLUID_375B,US01,M_COMP_FLUID_375B,0,USD,04/15/2022,,KMAT,10001,EA,,,PD,7920,S,1,FFID_VC_CM1
M_COMP_FLUID_375D,US01,M_COMP_FLUID_375D,0,USD,04/15/2022,,KMAT,10001,EA,,,PD,7920,S,1,FFID_ALL5
M_COMP_FLUID_900D,US01,M_COMP_FLUID_900D,0,USD,04/15/2022,,KMAT,10001,EA,,,PD,7920,S,1,FFID_VC_CM1
M_COMP_FLUID_OFD1500B,US01,M_COMP_FLUID_OFD1500B,0,USD,04/15/2022,,KMAT,10001,EA,,,PD,7920,S,1,FFID_VC_CM1
M_COMP_FLUID_OFD1500E,US01,M_COMP_FLUID_OFD1500E,0,USD,04/15/2022,,KMAT,10001,EA,,,PD,7920,S,1,FFID_VC_CM1
M_CSA_DS13,US01,M_CSA_DS13,0,USD,04/15/2022,,KMAT,10001,EA,,,PD,7920,S,1,FFID_VC_CM1
M_CSA_ES6B,US01,M_CSA_ES6B,0,USD,04/15/2022,,KMAT,10001,EA,,,PD,7920,S,1,FFID_VC_CM1
M_CSA_LS160,US01,M_CSA_LS160,0,USD,04/15/2022,,KMAT,10001,EA,,,PD,7920,S,1,FFID_VC_CM1
M_CSA_LS20T,US01,M_CSA_LS20T,0,USD,04/15/2022,,KMAT,10001,EA,,,PD,7920,S,1,FFID_VC_CM1
M_CSA_LS90-110,US01,M_CSA_LS90-110,0,USD,04/15/2022,,KMAT,10001,EA,,,PD,7920,S,1,FFID_VC_CM1
M_CSA_SN11-18,US01,M_CSA_SN11-18,0,USD,04/15/2022,,KMAT,10001,EA,,,PD,7920,S,1,FFID_VC_CM1
M_CSA_SN18-30,US01,M_CSA_SN18-30,0,USD,04/15/2022,,KMAT,10001,EA,,,PD,7920,S,1,FFID_VC_CM1
M_CSA_SN30PB-45B,US01,M_CSA_SN30PB-45B,0,USD,04/15/2022,,KMAT,10001,EA,,,PD,7920,S,1,FFID_VC_CM1
M_CSA_SN55-75,US01,M_CSA_SN55-75,0,USD,04/15/2022,,KMAT,10001,EA,,,PD,7920,S,1,FFID_VC_CM1
M_CSA_TS32C,US01,M_CSA_TS32C,0,USD,04/15/2022,,KMAT,10001,EA,,,PD,7920,S,1,FFID_VC_CM1
M_CSA_TS32SC,US01,M_CSA_TS32SC,0,USD,04/15/2022,,KMAT,10001,EA,,,PD,7920,S,1,FFID_VC_CM1
M_CSA_VS10A,US01,M_CSA_VS10A,0,USD,04/15/2022,,KMAT,10001,EA,,,PD,7920,S,1,FFID_VC_CM1
M_CSA_VS12A,US01,M_CSA_VS12A,0,USD,04/15/2022,,KMAT,10001,EA,,,PD,7920,S,1,FFID_VC_CM1
M_CSA_VS16-20A,US01,M_CSA_VS16-20A,0,USD,04/15/2022,,KMAT,10001,EA,,,PD,7920,S,1,FFID_VC_CM1
M_CSA_VS25-32A,US01,M_CSA_VS25-32A,0,USD,04/15/2022,,KMAT,10001,EA,,,PD,7920,S,1,FFID_VC_CM1
M_CTLPNL_LS20T,US01,M_CTLPNL_LS20T,0,USD,04/15/2022,,KMAT,10001,EA,,,PD,7920,S,1,FFID_VC_CM1
M_CTLPNL_VS10A,US01,M_CTLPNL_VS10A,0,USD,04/15/2022,,KMAT,10001,EA,,,PD,7920,S,1,FFID_VC_CM1
M_CTLPNL_VS12A,US01,M_CTLPNL_VS12A,0,USD,04/15/2022,,KMAT,10001,EA,,,PD,7920,S,1,FFID_VC_CM1
M_CTLPNL_VS16-20A,US01,M_CTLPNL_VS16-20A,0,USD,04/15/2022,,KMAT,10001,EA,,,PD,7920,S,1,FFID_VC_CM1
M_CTLPNL_VS25-32A,US01,M_CTLPNL_VS25-32A,0,USD,04/15/2022,,KMAT,10001,EA,,,PD,7920,S,1,FFID_VC_CM1
M_CTLTBG_DS13,US01,M_CTLTBG_DS13,0,USD,04/15/2022,,KMAT,10001,EA,,,PD,7920,S,1,FFID_VC_CM1
M_CTLTBG_ES6B,US01,M_CTLTBG_ES6B,0,USD,04/15/2022,,KMAT,10001,EA,,,PD,7920,S,1,FFID_VC_CM1
M_CTLTBG_LS20T,US01,M_CTLTBG_LS20T,0,USD,04/15/2022,,KMAT,10001,EA,,,PD,7920,S,1,FFID_VC_CM1
M_CTLTBG_OFD1500B,US01,M_CTLTBG_OFD1500B,0,USD,04/15/2022,,KMAT,10001,EA,,,PD,7920,S,1,FFID_VC_CM1
M_CTLTBG_TS32C,US01,M_CTLTBG_TS32C,0,USD,04/15/2022,,KMAT,10001,EA,,,PD,7920,S,1,FFID_VC_CM1
M_CTLTBG_TS32SC,US01,M_CTLTBG_TS32SC,0,USD,04/15/2022,,KMAT,10001,EA,,,PD,7920,S,1,FFID_VC_CM1
M_CTLTBG_VS10A,US01,M_CTLTBG_VS10A,0,USD,04/15/2022,,KMAT,10001,EA,,,PD,7920,S,1,FFID_VC_CM1
M_CTLTBG_VS12A,US01,M_CTLTBG_VS12A,0,USD,04/15/2022,,KMAT,10001,EA,,,PD,7920,S,1,FFID_VC_CM1
M_CTLTBG_VS16-20A,US01,M_CTLTBG_VS16-20A,0,USD,04/15/2022,,KMAT,10001,EA,,,PD,7920,S,1,FFID_VC_CM1
M_CTLTBG_VS25-32A,US01,M_CTLTBG_VS25-32A,0,USD,04/15/2022,,KMAT,10001,EA,,,PD,7920,S,1,FFID_VC_CM1
M_CUSTDECAL_1600C,US01,M_CUSTDECAL_1600C,0,USD,04/15/2022,,KMAT,10001,EA,,,PD,7920,S,1,FFID_VC_CM1
M_CUSTDECAL_1600J,US01,M_CUSTDECAL_1600J,0,USD,04/15/2022,,KMAT,10001,EA,,,PD,7920,S,1,FFID_VC_CM1
M_CUSTDECAL_1600K,US01,M_CUSTDECAL_1600K,0,USD,04/15/2022,,KMAT,10001,EA,,,PD,7920,S,1,FFID_VC_CM1
M_CUSTDECAL_185D,US01,M_CUSTDECAL_185D,0,USD,04/15/2022,,KMAT,10001,EA,,,PD,7920,S,1,FFID_VC_CM1
M_CUSTDECAL_185F,US01,M_CUSTDECAL_185F,0,USD,04/15/2022,,KMAT,10001,EA,,,PD,7920,S,1,FFID_VC_CM1
M_CUSTDECAL_375B,US01,M_CUSTDECAL_375B,0,USD,04/15/2022,,KMAT,10001,EA,,,PD,7920,S,1,FFID_VC_CM1
M_CUSTDECAL_375D,US01,M_CUSTDECAL_375D,0,USD,04/15/2022,,KMAT,10001,EA,,,PD,7920,S,1,FFID_ALL5
M_CUSTDECAL_900D,US01,M_CUSTDECAL_900D,0,USD,04/15/2022,,KMAT,10001,EA,,,PD,7920,S,1,FFID_VC_CM1
M_CUSTDECAL_OFD1500B,US01,M_CUSTDECAL_OFD1500B,0,USD,04/15/2022,,KMAT,10001,EA,,,PD,7920,S,1,FFID_VC_CM1
M_DECALS_1600C,US01,M_DECALS_1600C,0,USD,04/15/2022,,KMAT,10001,EA,,,PD,7920,S,1,FFID_VC_CM1
M_DECALS_1600E,US01,M_DECALS_1600E,0,USD,04/15/2022,,KMAT,10001,EA,,,PD,7920,S,1,VC_RFC_USER
M_DECALS_1600J,US01,M_DECALS_1600J,0,USD,04/15/2022,,KMAT,10001,EA,,,PD,7920,S,1,FFID_VC_CM1
M_DECALS_1600K,US01,M_DECALS_1600K,0,USD,04/15/2022,,KMAT,10001,EA,,,PD,7920,S,1,FFID_VC_CM1
M_DECALS_185D,US01,M_DECALS_185D,0,USD,04/15/2022,,KMAT,10001,EA,,,PD,7920,S,1,FFID_VC_CM1
M_DECALS_185F,US01,M_DECALS_185F,0,USD,04/15/2022,,KMAT,10001,EA,,,PD,7920,S,1,FFID_VC_CM1
M_DECALS_375B,US01,M_DECALS_375B,0,USD,04/15/2022,,KMAT,10001,EA,,,PD,7920,S,1,FFID_VC_CM1
M_DECALS_375D,US01,M_DECALS_375D,0,USD,04/15/2022,,KMAT,10001,EA,,,PD,7920,S,1,FFID_ALL5
M_DECALS_900D,US01,M_DECALS_900D,0,USD,04/15/2022,,KMAT,10001,EA,,,PD,7920,S,1,FFID_VC_CM1
M_DECALS_OFD1500B,US01,M_DECALS_OFD1500B,0,USD,04/15/2022,,KMAT,10001,EA,,,PD,7920,S,1,FFID_VC_CM1
M_DECALS_OFD1500E,US01,M_DECALS_OFD1500E,0,USD,04/15/2022,,KMAT,10001,EA,,,PD,7920,S,1,FFID_VC_CM1
M_DECAL_DS13,US01,M_DECAL_DS13,0,USD,04/15/2022,,KMAT,10001,EA,,,PD,7920,S,1,FFID_VC_CM1
M_DECAL_ES6B,US01,M_DECAL_ES6B,0,USD,04/15/2022,,KMAT,10001,EA,,,PD,7920,S,1,FFID_VC_CM1
M_DECAL_LS160,US01,M_DECAL_LS160,0,USD,04/15/2022,,KMAT,10001,EA,,,PD,7920,S,1,FFID_VC_CM1
M_DECAL_LS20T,US01,M_DECAL_LS20T,0,USD,04/15/2022,,KMAT,10001,EA,,,PD,7920,S,1,FFID_VC_CM1
M_DECAL_LS90-110,US01,M_DECAL_LS90-110,0,USD,04/15/2022,,KMAT,10001,EA,,,PD,7920,S,1,FFID_VC_CM1
M_DECAL_SN11-18,US01,M_DECAL_SN11-18,0,USD,04/15/2022,,KMAT,10001,EA,,,PD,7920,S,1,FFID_VC_CM1
M_DECAL_SN18-30,US01,M_DECAL_SN18-30,0,USD,04/15/2022,,KMAT,10001,EA,,,PD,7920,S,1,FFID_VC_CM1
M_DECAL_SN30PB-45B,US01,M_DECAL_SN30PB-45B,0,USD,04/15/2022,,KMAT,10001,EA,,,PD,7920,S,1,FFID_VC_CM1
M_DECAL_SN55-75,US01,M_DECAL_SN55-75,0,USD,04/15/2022,,KMAT,10001,EA,,,PD,7920,S,1,FFID_VC_CM1
M_DECAL_TS32C,US01,M_DECAL_TS32C,0,USD,04/15/2022,,KMAT,10001,EA,,,PD,7920,S,1,FFID_VC_CM1
M_DECAL_TS32SC,US01,M_DECAL_TS32SC,0,USD,04/15/2022,,KMAT,10001,EA,,,PD,7920,S,1,FFID_VC_CM1
M_DECAL_VS10A,US01,M_DECAL_VS10A,0,USD,04/15/2022,,KMAT,10001,EA,,,PD,7920,S,1,FFID_VC_CM1
M_DECAL_VS12A,US01,M_DECAL_VS12A,0,USD,04/15/2022,,KMAT,10001,EA,,,PD,7920,S,1,FFID_VC_CM1
M_DECAL_VS16-20A,US01,M_DECAL_VS16-20A,0,USD,04/15/2022,,KMAT,10001,EA,,,PD,7920,S,1,FFID_VC_CM1
M_DECAL_VS25-32A,US01,M_DECAL_VS25-32A,0,USD,04/15/2022,,KMAT,10001,EA,,,PD,7920,S,1,FFID_VC_CM1
M_DISCH_SYS_1600C,US01,M_DISCH_SYS_1600C,0,USD,04/15/2022,,KMAT,10001,EA,,,PD,7920,S,1,FFID_VC_CM1
M_DISCH_SYS_1600E,US01,M_DISCH_SYS_1600E,0,USD,04/15/2022,,KMAT,10001,EA,,,PD,7920,S,1,VC_RFC_USER
M_DISCH_SYS_1600J,US01,M_DISCH_SYS_1600J,0,USD,04/15/2022,,KMAT,10001,EA,,,PD,7920,S,1,FFID_VC_CM1
M_DISCH_SYS_1600K,US01,M_DISCH_SYS_1600K,0,USD,04/15/2022,,KMAT,10001,EA,,,PD,7920,S,1,FFID_VC_CM1
M_DISCH_SYS_185D,US01,M_DISCH_SYS_185D,0,USD,04/15/2022,,KMAT,10001,EA,,,PD,7920,S,1,FFID_VC_CM1
M_DISCH_SYS_185F,US01,M_DISCH_SYS_185F,0,USD,04/15/2022,,KMAT,10001,EA,,,PD,7920,S,1,FFID_VC_CM1
M_DISCH_SYS_375B,US01,M_DISCH_SYS_375B,0,USD,04/15/2022,,KMAT,10001,EA,,,PD,7920,S,1,FFID_VC_CM1
M_DISCH_SYS_375D,US01,M_DISCH_SYS_375D,0,USD,04/15/2022,,KMAT,10001,EA,,,PD,7920,S,1,FFID_ALL5
M_DISCH_SYS_900D,US01,M_DISCH_SYS_900D,0,USD,04/15/2022,,KMAT,10001,EA,,,PD,7920,S,1,FFID_VC_CM1
M_DISCH_SYS_OFD1500B,US01,M_DISCH_SYS_OFD1500B,0,USD,04/15/2022,,KMAT,10001,EA,,,PD,7920,S,1,FFID_VC_CM1
M_DISCH_SYS_OFD1500E,US01,M_DISCH_SYS_OFD1500E,0,USD,04/15/2022,,KMAT,10001,EA,,,PD,7920,S,1,FFID_VC_CM1
M_DIXLOC_375B,US01,M_DIXLOC_375B,0,USD,04/15/2022,,KMAT,10001,EA,,,PD,7920,S,1,FFID_VC_CM1
M_DIXLOC_375D,US01,M_DIXLOC_375D,0,USD,04/15/2022,,KMAT,10001,EA,,,PD,7920,S,1,FFID_ALL5
M_DRAWBAR_185D,US01,M_DRAWBAR_185D,0,USD,04/15/2022,,KMAT,10001,EA,,,PD,7920,S,1,FFID_VC_CM1
M_DRAWBAR_185F,US01,M_DRAWBAR_185F,0,USD,04/15/2022,,KMAT,10001,EA,,,PD,7920,S,1,FFID_VC_CM1
M_DRAWBAR_375B,US01,M_DRAWBAR_375B,0,USD,04/15/2022,,KMAT,10001,EA,,,PD,7920,S,1,FFID_VC_CM1
M_DRAWBAR_375D,US01,M_DRAWBAR_375D,0,USD,04/15/2022,,KMAT,10001,EA,,,PD,7920,S,1,FFID_ALL5
M_DRVCPLGR_ES6B,US01,M_DRVCPLGR_ES6B,0,USD,04/15/2022,,KMAT,10001,EA,,,PD,7920,S,1,FFID_VC_CM1
M_DRVCPLGR_LS160,US01,M_DRVCPLGR_LS160,0,USD,04/15/2022,,KMAT,10001,EA,,,PD,7920,S,1,FFID_VC_CM1
M_DRVCPLGR_LS20T,US01,M_DRVCPLGR_LS20T,0,USD,04/15/2022,,KMAT,10001,EA,,,PD,7920,S,1,FFID_VC_CM1
M_DRVCPLGR_SN18-30,US01,M_DRVCPLGR_SN18-30,0,USD,04/15/2022,,KMAT,10001,EA,,,PD,7920,S,1,FFID_VC_CM1
M_DRVCPLGR_TS32C,US01,M_DRVCPLGR_TS32C,0,USD,04/15/2022,,KMAT,10001,EA,,,PD,7920,S,1,FFID_VC_CM1
M_DRVCPLGR_TS32SC,US01,M_DRVCPLGR_TS32SC,0,USD,04/15/2022,,KMAT,10001,EA,,,PD,7920,S,1,FFID_VC_CM1
M_DRVCPLGR_VS10A,US01,M_DRVCPLGR_VS10A,0,USD,04/15/2022,,KMAT,10001,EA,,,PD,7920,S,1,FFID_VC_CM1
M_DRVCPLGR_VS12A,US01,M_DRVCPLGR_VS12A,0,USD,04/15/2022,,KMAT,10001,EA,,,PD,7920,S,1,FFID_VC_CM1
M_DRVCPLGR_VS16-20A,US01,M_DRVCPLGR_VS16-20A,0,USD,04/15/2022,,KMAT,10001,EA,,,PD,7920,S,1,FFID_VC_CM1
M_DRVCPLGR_VS25-32A,US01,M_DRVCPLGR_VS25-32A,0,USD,04/15/2022,,KMAT,10001,EA,,,PD,7920,S,1,FFID_VC_CM1
M_DRYOPT_ES6B,US01,M_DRYOPT_ES6B,0,USD,04/15/2022,,KMAT,10001,EA,,,PD,7920,S,1,FFID_VC_CM1
M_DRY_SD_RLF_185D,US01,M_DRY_SD_RLF_185D,0,USD,04/15/2022,,KMAT,10001,EA,,,PD,7920,S,1,FFID_VC_CM1
M_DRY_SD_RLF_185F,US01,M_DRY_SD_RLF_185F,0,USD,04/15/2022,,KMAT,10001,EA,,,PD,7920,S,1,FFID_VC_CM1
M_DRY_SD_RLF_375B,US01,M_DRY_SD_RLF_375B,0,USD,04/15/2022,,KMAT,10001,EA,,,PD,7920,S,1,FFID_VC_CM1
M_ELECCTL_DS13,US01,M_ELECCTL_DS13,0,USD,04/15/2022,,KMAT,10001,EA,,,PD,7920,S,1,FFID_VC_CM1
M_ELECCTL_ES6B,US01,M_ELECCTL_ES6B,0,USD,04/15/2022,,KMAT,10001,EA,,,PD,7920,S,1,FFID_VC_CM1
M_ELECCTL_LS160,US01,M_ELECCTL_LS160,0,USD,04/15/2022,,KMAT,10001,EA,,,PD,7920,S,1,FFID_VC_CM1
M_ELECCTL_LS20T,US01,M_ELECCTL_LS20T,0,USD,04/15/2022,,KMAT,10001,EA,,,PD,7920,S,1,FFID_VC_CM1
M_ELECCTL_LS90-110,US01,M_ELECCTL_LS90-110,0,USD,04/15/2022,,KMAT,10001,EA,,,PD,7920,S,1,FFID_VC_CM1
M_ELECCTL_SN11-18,US01,M_ELECCTL_SN11-18,0,USD,04/15/2022,,KMAT,10001,EA,,,PD,7920,S,1,FFID_VC_CM1
M_ELECCTL_SN18-30,US01,M_ELECCTL_SN18-30,0,USD,04/15/2022,,KMAT,10001,EA,,,PD,7920,S,1,FFID_VC_CM1
M_ELECCTL_SN30PB-45B,US01,M_ELECCTL_SN30PB-45B,0,USD,04/15/2022,,KMAT,10001,EA,,,PD,7920,S,1,FFID_VC_CM1
M_ELECCTL_SN55-75,US01,M_ELECCTL_SN55-75,0,USD,04/15/2022,,KMAT,10001,EA,,,PD,7920,S,1,FFID_VC_CM1
M_ELECCTL_TS32C,US01,M_ELECCTL_TS32C,0,USD,04/15/2022,,KMAT,10001,EA,,,PD,7920,S,1,FFID_VC_CM1
M_ELECCTL_TS32SC,US01,M_ELECCTL_TS32SC,0,USD,04/15/2022,,KMAT,10001,EA,,,PD,7920,S,1,FFID_VC_CM1
M_ELECCTL_VS10A,US01,M_ELECCTL_VS10A,0,USD,04/15/2022,,KMAT,10001,EA,,,PD,7920,S,1,FFID_VC_CM1
M_ELECCTL_VS12A,US01,M_ELECCTL_VS12A,0,USD,04/15/2022,,KMAT,10001,EA,,,PD,7920,S,1,FFID_VC_CM1
M_ELECCTL_VS16-20A,US01,M_ELECCTL_VS16-20A,0,USD,04/15/2022,,KMAT,10001,EA,,,PD,7920,S,1,FFID_VC_CM1
M_ELECCTL_VS25-32A,US01,M_ELECCTL_VS25-32A,0,USD,04/15/2022,,KMAT,10001,EA,,,PD,7920,S,1,FFID_VC_CM1
M_ELEC_PTS_1600C,US01,M_ELEC_PTS_1600C,0,USD,04/15/2022,,KMAT,10001,EA,,,PD,7920,S,1,FFID_VC_CM1
M_ELEC_PTS_1600E,US01,M_ELEC_PTS_1600E,0,USD,04/15/2022,,KMAT,10001,EA,,,PD,7920,S,1,VC_RFC_USER
M_ELEC_PTS_1600J,US01,M_ELEC_PTS_1600J,0,USD,04/15/2022,,KMAT,10001,EA,,,PD,7920,S,1,FFID_VC_CM1
M_ELEC_PTS_1600K,US01,M_ELEC_PTS_1600K,0,USD,04/15/2022,,KMAT,10001,EA,,,PD,7920,S,1,FFID_VC_CM1
M_ELEC_PTS_185D,US01,M_ELEC_PTS_185D,0,USD,04/15/2022,,KMAT,10001,EA,,,PD,7920,S,1,FFID_VC_CM1
M_ELEC_PTS_185F,US01,M_ELEC_PTS_185F,0,USD,04/15/2022,,KMAT,10001,EA,,,PD,7920,S,1,FFID_VC_CM1
M_ELEC_PTS_375B,US01,M_ELEC_PTS_375B,0,USD,04/15/2022,,KMAT,10001,EA,,,PD,7920,S,1,FFID_VC_CM1
M_ELEC_PTS_375D,US01,M_ELEC_PTS_375D,0,USD,04/15/2022,,KMAT,10001,EA,,,PD,7920,S,1,FFID_ALL5
M_ELEC_PTS_900D,US01,M_ELEC_PTS_900D,0,USD,04/15/2022,,KMAT,10001,EA,,,PD,7920,S,1,FFID_VC_CM1
M_ELEC_PTS_OFD1500B,US01,M_ELEC_PTS_OFD1500B,0,USD,04/15/2022,,KMAT,10001,EA,,,PD,7920,S,1,FFID_VC_CM1
M_ELEC_PTS_OFD1500E,US01,M_ELEC_PTS_OFD1500E,0,USD,04/15/2022,,KMAT,10001,EA,,,PD,7920,S,1,FFID_VC_CM1
M_ENCA_DS13,US01,M_ENCA_DS13,0,USD,04/15/2022,,KMAT,10001,EA,,,PD,7920,S,1,FFID_VC_CM1
M_ENCA_ES6B,US01,M_ENCA_ES6B,0,USD,04/15/2022,,KMAT,10001,EA,,,PD,7920,S,1,FFID_VC_CM1
M_ENCA_LS160,US01,M_ENCA_LS160,0,USD,04/15/2022,,KMAT,10001,EA,,,PD,7920,S,1,FFID_VC_CM1
M_ENCA_LS20T,US01,M_ENCA_LS20T,0,USD,04/15/2022,,KMAT,10001,EA,,,PD,7920,S,1,FFID_VC_CM1
M_ENCA_LS90-110,US01,M_ENCA_LS90-110,0,USD,04/15/2022,,KMAT,10001,EA,,,PD,7920,S,1,FFID_VC_CM1
M_ENCA_SN11-18,US01,M_ENCA_SN11-18,0,USD,04/15/2022,,KMAT,10001,EA,,,PD,7920,S,1,FFID_VC_CM1
M_ENCA_SN18-30,US01,M_ENCA_SN18-30,0,USD,04/15/2022,,KMAT,10001,EA,,,PD,7920,S,1,FFID_VC_CM1
M_ENCA_SN30PB-45B,US01,M_ENCA_SN30PB-45B,0,USD,04/15/2022,,KMAT,10001,EA,,,PD,7920,S,1,FFID_VC_CM1
M_ENCA_SN55-75,US01,M_ENCA_SN55-75,0,USD,04/15/2022,,KMAT,10001,EA,,,PD,7920,S,1,FFID_VC_CM1
M_ENCA_TS32C,US01,M_ENCA_TS32C,0,USD,04/15/2022,,KMAT,10001,EA,,,PD,7920,S,1,FFID_VC_CM1
M_ENCA_TS32SC,US01,M_ENCA_TS32SC,0,USD,04/15/2022,,KMAT,10001,EA,,,PD,7920,S,1,FFID_VC_CM1
M_ENCA_VS10A,US01,M_ENCA_VS10A,0,USD,04/15/2022,,KMAT,10001,EA,,,PD,7920,S,1,FFID_VC_CM1
M_ENCA_VS12A,US01,M_ENCA_VS12A,0,USD,04/15/2022,,KMAT,10001,EA,,,PD,7920,S,1,FFID_VC_CM1
M_ENCA_VS16-20A,US01,M_ENCA_VS16-20A,0,USD,04/15/2022,,KMAT,10001,EA,,,PD,7920,S,1,FFID_VC_CM1
M_ENCA_VS25-32A,US01,M_ENCA_VS25-32A,0,USD,04/15/2022,,KMAT,10001,EA,,,PD,7920,S,1,FFID_VC_CM1
M_ENCW_DS13,US01,M_ENCW_DS13,0,USD,04/15/2022,,KMAT,10001,EA,,,PD,7920,S,1,FFID_VC_CM1
M_ENCW_LS160,US01,M_ENCW_LS160,0,USD,04/15/2022,,KMAT,10001,EA,,,PD,7920,S,1,FFID_VC_CM1
M_ENCW_LS20T,US01,M_ENCW_LS20T,0,USD,04/15/2022,,KMAT,10001,EA,,,PD,7920,S,1,FFID_VC_CM1
M_ENCW_LS90-110,US01,M_ENCW_LS90-110,0,USD,04/15/2022,,KMAT,10001,EA,,,PD,7920,S,1,FFID_VC_CM1
M_ENCW_SN30PB-45B,US01,M_ENCW_SN30PB-45B,0,USD,04/15/2022,,KMAT,10001,EA,,,PD,7920,S,1,FFID_VC_CM1
M_ENCW_SN55-75,US01,M_ENCW_SN55-75,0,USD,04/15/2022,,KMAT,10001,EA,,,PD,7920,S,1,FFID_VC_CM1
M_ENCW_TS32C,US01,M_ENCW_TS32C,0,USD,04/15/2022,,KMAT,10001,EA,,,PD,7920,S,1,FFID_VC_CM1
M_ENCW_TS32SC,US01,M_ENCW_TS32SC,0,USD,04/15/2022,,KMAT,10001,EA,,,PD,7920,S,1,FFID_VC_CM1
M_ENCW_VS12A,US01,M_ENCW_VS12A,0,USD,04/15/2022,,KMAT,10001,EA,,,PD,7920,S,1,FFID_VC_CM1
M_ENCW_VS16-20A,US01,M_ENCW_VS16-20A,0,USD,04/15/2022,,KMAT,10001,EA,,,PD,7920,S,1,FFID_VC_CM1
M_ENCW_VS25-32A,US01,M_ENCW_VS25-32A,0,USD,04/15/2022,,KMAT,10001,EA,,,PD,7920,S,1,FFID_VC_CM1
M_EN_AIR_STP_1600C,US01,M_EN_AIR_STP_1600C,0,USD,04/15/2022,,KMAT,10001,EA,,,PD,7920,S,1,FFID_VC_CM1
M_EN_AIR_STP_900D,US01,M_EN_AIR_STP_900D,0,USD,04/15/2022,,KMAT,10001,EA,,,PD,7920,S,1,FFID_VC_CM1
M_EN_AIR_STP_OFD1500E,US01,M_EN_AIR_STP_OFD1500E,0,USD,04/15/2022,,KMAT,10001,EA,,,PD,7920,S,1,FFID_VC_CM1
M_EN_BLK_HTR_1600C,US01,M_EN_BLK_HTR_1600C,0,USD,04/15/2022,,KMAT,10001,EA,,,PD,7920,S,1,FFID_VC_CM1
M_EN_BLK_HTR_1600E,US01,M_EN_BLK_HTR_1600E,0,USD,04/15/2022,,KMAT,10001,EA,,,PD,7920,S,1,VC_RFC_USER
M_EN_BLK_HTR_1600J,US01,M_EN_BLK_HTR_1600J,0,USD,04/15/2022,,KMAT,10001,EA,,,PD,7920,S,1,FFID_VC_CM1
M_EN_BLK_HTR_1600K,US01,M_EN_BLK_HTR_1600K,0,USD,04/15/2022,,KMAT,10001,EA,,,PD,7920,S,1,FFID_VC_CM1
M_EN_BLK_HTR_185D,US01,M_EN_BLK_HTR_185D,0,USD,04/15/2022,,KMAT,10001,EA,,,PD,7920,S,1,FFID_VC_CM1
M_EN_BLK_HTR_185F,US01,M_EN_BLK_HTR_185F,0,USD,04/15/2022,,KMAT,10001,EA,,,PD,7920,S,1,FFID_VC_CM1
M_EN_BLK_HTR_375B,US01,M_EN_BLK_HTR_375B,0,USD,04/15/2022,,KMAT,10001,EA,,,PD,7920,S,1,FFID_VC_CM1
M_EN_BLK_HTR_375D,US01,M_EN_BLK_HTR_375D,0,USD,04/15/2022,,KMAT,10001,EA,,,PD,7920,S,1,FFID_ALL5
M_EN_BLK_HTR_900D,US01,M_EN_BLK_HTR_900D,0,USD,04/15/2022,,KMAT,10001,EA,,,PD,7920,S,1,FFID_VC_CM1
M_EN_COMPR_1600C,US01,M_EN_COMPR_1600C,0,USD,04/15/2022,,KMAT,10001,EA,,,PD,7920,S,1,FFID_VC_CM1
M_EN_COMPR_1600E,US01,M_EN_COMPR_1600E,0,USD,04/15/2022,,KMAT,10001,EA,,,PD,7920,S,1,VC_RFC_USER
M_EN_COMPR_1600J,US01,M_EN_COMPR_1600J,0,USD,04/15/2022,,KMAT,10001,EA,,,PD,7920,S,1,FFID_VC_CM1
M_EN_COMPR_1600K,US01,M_EN_COMPR_1600K,0,USD,04/15/2022,,KMAT,10001,EA,,,PD,7920,S,1,FFID_VC_CM1
M_EN_COMPR_185D,US01,M_EN_COMPR_185D,0,USD,04/15/2022,,KMAT,10001,EA,,,PD,7920,S,1,FFID_VC_CM1
M_EN_COMPR_185F,US01,M_EN_COMPR_185F,0,USD,04/15/2022,,KMAT,10001,EA,,,PD,7920,S,1,FFID_VC_CM1
M_EN_COMPR_375B,US01,M_EN_COMPR_375B,0,USD,04/15/2022,,KMAT,10001,EA,,,PD,7920,S,1,FFID_VC_CM1
M_EN_COMPR_375D,US01,M_EN_COMPR_375D,0,USD,04/15/2022,,KMAT,10001,EA,,,PD,7920,S,1,FFID_ALL5
M_EN_COMPR_900D,US01,M_EN_COMPR_900D,0,USD,04/15/2022,,KMAT,10001,EA,,,PD,7920,S,1,FFID_VC_CM1
M_EN_COMPR_OFD1500B,US01,M_EN_COMPR_OFD1500B,0,USD,04/15/2022,,KMAT,10001,EA,,,PD,7920,S,1,FFID_VC_CM1
M_EN_COMPR_OFD1500E,US01,M_EN_COMPR_OFD1500E,0,USD,04/15/2022,,KMAT,10001,EA,,,PD,7920,S,1,FFID_VC_CM1
M_EN_OIL_EVC_1600J,US01,M_EN_OIL_EVC_1600J,0,USD,04/15/2022,,KMAT,10001,EA,,,PD,7920,S,1,FFID_VC_CM1
M_EN_OIL_EVC_1600K,US01,M_EN_OIL_EVC_1600K,0,USD,04/15/2022,,KMAT,10001,EA,,,PD,7920,S,1,FFID_VC_CM1
M_EN_OP_MAN_375B,US01,M_EN_OP_MAN_375B,0,USD,04/15/2022,,KMAT,10001,EA,,,PD,7920,S,1,FFID_VC_CM1
M_EN_PTS_MAN_375B,US01,M_EN_PTS_MAN_375B,0,USD,04/15/2022,,KMAT,10001,EA,,,PD,7920,S,1,FFID_VC_CM1
M_EN_SRV_MAN_375B,US01,M_EN_SRV_MAN_375B,0,USD,04/15/2022,,KMAT,10001,EA,,,PD,7920,S,1,FFID_VC_CM1
M_EQ_REC_DV_1600C,US01,M_EQ_REC_DV_1600C,0,USD,04/15/2022,,KMAT,10001,EA,,,PD,7920,S,1,FFID_VC_CM1
M_EQ_REC_DV_1600K,US01,M_EQ_REC_DV_1600K,0,USD,04/15/2022,,KMAT,10001,EA,,,PD,7920,S,1,FFID_VC_CM1
M_EQ_REC_DV_185F,US01,M_EQ_REC_DV_185F,0,USD,04/15/2022,,KMAT,10001,EA,,,PD,7920,S,1,FFID_VC_CM1
M_EQ_REC_DV_375B,US01,M_EQ_REC_DV_375B,0,USD,04/15/2022,,KMAT,10001,EA,,,PD,7920,S,1,FFID_VC_CM1
M_EQ_REC_DV_900D,US01,M_EQ_REC_DV_900D,0,USD,04/15/2022,,KMAT,10001,EA,,,PD,7920,S,1,FFID_VC_CM1
M_ETH_START_AID_375D,US01,M_ETH_START_AID_375D,0,USD,04/15/2022,,KMAT,10001,EA,,,PD,7920,S,1,FFID_VC_CM1
M_ETH_ST_AID_375B,US01,M_ETH_ST_AID_375B,0,USD,04/15/2022,,KMAT,10001,EA,,,PD,7920,S,1,FFID_VC_CM1
M_ETH_ST_AID_900D,US01,M_ETH_ST_AID_900D,0,USD,04/15/2022,,KMAT,10001,EA,,,PD,7920,S,1,FFID_VC_CM1
M_ETH_ST_AID_OFD1500E,US01,M_ETH_ST_AID_OFD1500E,0,USD,04/15/2022,,KMAT,10001,EA,,,PD,7920,S,1,FFID_VC_CM1
M_EXHAUST_1600C,US01,M_EXHAUST_1600C,0,USD,04/15/2022,,KMAT,10001,EA,,,PD,7920,S,1,FFID_VC_CM1
M_EXHAUST_1600E,US01,M_EXHAUST_1600E,0,USD,04/15/2022,,KMAT,10001,EA,,,PD,7920,S,1,VC_RFC_USER
M_EXHAUST_1600J,US01,M_EXHAUST_1600J,0,USD,04/15/2022,,KMAT,10001,EA,,,PD,7920,S,1,FFID_VC_CM1
M_EXHAUST_1600K,US01,M_EXHAUST_1600K,0,USD,04/15/2022,,KMAT,10001,EA,,,PD,7920,S,1,FFID_VC_CM1
M_EXHAUST_185D,US01,M_EXHAUST_185D,0,USD,04/15/2022,,KMAT,10001,EA,,,PD,7920,S,1,FFID_VC_CM1
M_EXHAUST_185F,US01,M_EXHAUST_185F,0,USD,04/15/2022,,KMAT,10001,EA,,,PD,7920,S,1,FFID_VC_CM1
M_EXHAUST_375B,US01,M_EXHAUST_375B,0,USD,04/15/2022,,KMAT,10001,EA,,,PD,7920,S,1,FFID_VC_CM1
M_EXHAUST_375D,US01,M_EXHAUST_375D,0,USD,04/15/2022,,KMAT,10001,EA,,,PD,7920,S,1,FFID_ALL5
M_EXHAUST_900D,US01,M_EXHAUST_900D,0,USD,04/15/2022,,KMAT,10001,EA,,,PD,7920,S,1,FFID_VC_CM1
M_EXHAUST_OFD1500B,US01,M_EXHAUST_OFD1500B,0,USD,04/15/2022,,KMAT,10001,EA,,,PD,7920,S,1,FFID_VC_CM1
M_EXHAUST_OFD1500E,US01,M_EXHAUST_OFD1500E,0,USD,04/15/2022,,KMAT,10001,EA,,,PD,7920,S,1,FFID_VC_CM1
M_EXP_CRATE_375B,US01,M_EXP_CRATE_375B,0,USD,04/15/2022,,KMAT,10001,EA,,,PD,7920,S,1,FFID_VC_CM1
M_FENDER_375B,US01,M_FENDER_375B,0,USD,04/15/2022,,KMAT,10001,EA,,,PD,7920,S,1,FFID_VC_CM1
M_FENDER_375D,US01,M_FENDER_375D,0,USD,04/15/2022,,KMAT,10001,EA,,,PD,7920,S,1,FFID_ALL5
M_FFTRAP_LS160,US01,M_FFTRAP_LS160,0,USD,04/15/2022,,KMAT,10001,EA,,,PD,7920,S,1,FFID_VC_CM1
M_FFTRAP_LS90-110,US01,M_FFTRAP_LS90-110,0,USD,04/15/2022,,KMAT,10001,EA,,,PD,7920,S,1,FFID_VC_CM1
M_FFTRAP_SN11-18,US01,M_FFTRAP_SN11-18,0,USD,04/15/2022,,KMAT,10001,EA,,,PD,7920,S,1,FFID_VC_CM1
M_FFTRAP_SN18-30,US01,M_FFTRAP_SN18-30,0,USD,04/15/2022,,KMAT,10001,EA,,,PD,7920,S,1,FFID_VC_CM1
M_FFTRAP_SN30PB-45B,US01,M_FFTRAP_SN30PB-45B,0,USD,04/15/2022,,KMAT,10001,EA,,,PD,7920,S,1,FFID_VC_CM1
M_FFTRAP_SN55-75,US01,M_FFTRAP_SN55-75,0,USD,04/15/2022,,KMAT,10001,EA,,,PD,7920,S,1,FFID_VC_CM1
M_FFTRAP_TS32C,US01,M_FFTRAP_TS32C,0,USD,04/15/2022,,KMAT,10001,EA,,,PD,7920,S,1,FFID_VC_CM1
M_FFTRAP_TS32SC,US01,M_FFTRAP_TS32SC,0,USD,04/15/2022,,KMAT,10001,EA,,,PD,7920,S,1,FFID_VC_CM1
M_FLPP_LS160,US01,M_FLPP_LS160,0,USD,04/15/2022,,KMAT,10001,EA,,,PD,7920,S,1,FFID_VC_CM1
M_FLPP_LS20T,US01,M_FLPP_LS20T,0,USD,04/15/2022,,KMAT,10001,EA,,,PD,7920,S,1,FFID_VC_CM1
M_FLPP_LS90-110,US01,M_FLPP_LS90-110,0,USD,04/15/2022,,KMAT,10001,EA,,,PD,7920,S,1,FFID_VC_CM1
M_FLPP_SN11-18,US01,M_FLPP_SN11-18,0,USD,04/15/2022,,KMAT,10001,EA,,,PD,7920,S,1,FFID_VC_CM1
M_FLPP_SN18-30,US01,M_FLPP_SN18-30,0,USD,04/15/2022,,KMAT,10001,EA,,,PD,7920,S,1,FFID_VC_CM1
M_FLPP_SN30PB-45B,US01,M_FLPP_SN30PB-45B,0,USD,04/15/2022,,KMAT,10001,EA,,,PD,7920,S,1,FFID_VC_CM1
M_FLPP_SN55-75,US01,M_FLPP_SN55-75,0,USD,04/15/2022,,KMAT,10001,EA,,,PD,7920,S,1,FFID_VC_CM1
M_FLPP_TS32C,US01,M_FLPP_TS32C,0,USD,04/15/2022,,KMAT,10001,EA,,,PD,7920,S,1,FFID_VC_CM1
M_FLPP_TS32SC,US01,M_FLPP_TS32SC,0,USD,04/15/2022,,KMAT,10001,EA,,,PD,7920,S,1,FFID_VC_CM1
M_FLPP_VS10A,US01,M_FLPP_VS10A,0,USD,04/15/2022,,KMAT,10001,EA,,,PD,7920,S,1,FFID_VC_CM1
M_FLPP_VS12A,US01,M_FLPP_VS12A,0,USD,04/15/2022,,KMAT,10001,EA,,,PD,7920,S,1,FFID_VC_CM1
M_FLPP_VS16-20A,US01,M_FLPP_VS16-20A,0,USD,04/15/2022,,KMAT,10001,EA,,,PD,7920,S,1,FFID_VC_CM1
M_FLPP_VS25-32A,US01,M_FLPP_VS25-32A,0,USD,04/15/2022,,KMAT,10001,EA,,,PD,7920,S,1,FFID_VC_CM1
M_FLSH_TL_375B,US01,M_FLSH_TL_375B,0,USD,04/15/2022,,KMAT,10001,EA,,,PD,7920,S,1,FFID_VC_CM1
M_FLUID_DS13,US01,M_FLUID_DS13,0,USD,04/15/2022,,KMAT,10001,EA,,,PD,7920,S,1,FFID_VC_CM1
M_FLUID_ES6B,US01,M_FLUID_ES6B,0,USD,04/15/2022,,KMAT,10001,EA,,,PD,7920,S,1,FFID_VC_CM1
M_FLUID_LS160,US01,M_FLUID_LS160,0,USD,04/15/2022,,KMAT,10001,EA,,,PD,7920,S,1,FFID_VC_CM1
M_FLUID_LS20T,US01,M_FLUID_LS20T,0,USD,04/15/2022,,KMAT,10001,EA,,,PD,7920,S,1,FFID_VC_CM1
M_FLUID_LS90-110,US01,M_FLUID_LS90-110,0,USD,04/15/2022,,KMAT,10001,EA,,,PD,7920,S,1,FFID_VC_CM1
M_FLUID_SN11-18,US01,M_FLUID_SN11-18,0,USD,04/15/2022,,KMAT,10001,EA,,,PD,7920,S,1,FFID_VC_CM1
M_FLUID_SN18-30,US01,M_FLUID_SN18-30,0,USD,04/15/2022,,KMAT,10001,EA,,,PD,7920,S,1,FFID_VC_CM1
M_FLUID_SN30PB-45B,US01,M_FLUID_SN30PB-45B,0,USD,04/15/2022,,KMAT,10001,EA,,,PD,7920,S,1,FFID_VC_CM1
M_FLUID_SN55-75,US01,M_FLUID_SN55-75,0,USD,04/15/2022,,KMAT,10001,EA,,,PD,7920,S,1,FFID_VC_CM1
M_FLUID_TS32C,US01,M_FLUID_TS32C,0,USD,04/15/2022,,KMAT,10001,EA,,,PD,7920,S,1,FFID_VC_CM1
M_FLUID_TS32SC,US01,M_FLUID_TS32SC,0,USD,04/15/2022,,KMAT,10001,EA,,,PD,7920,S,1,FFID_VC_CM1
M_FLUID_VS10A,US01,M_FLUID_VS10A,0,USD,04/15/2022,,KMAT,10001,EA,,,PD,7920,S,1,FFID_VC_CM1
M_FLUID_VS12A,US01,M_FLUID_VS12A,0,USD,04/15/2022,,KMAT,10001,EA,,,PD,7920,S,1,FFID_VC_CM1
M_FLUID_VS16-20A,US01,M_FLUID_VS16-20A,0,USD,04/15/2022,,KMAT,10001,EA,,,PD,7920,S,1,FFID_VC_CM1
M_FLUID_VS25-32A,US01,M_FLUID_VS25-32A,0,USD,04/15/2022,,KMAT,10001,EA,,,PD,7920,S,1,FFID_VC_CM1
M_FRAME_1600C,US01,M_FRAME_1600C,0,USD,04/15/2022,,KMAT,10001,EA,,,PD,7920,S,1,FFID_VC_CM1
M_FRAME_1600E,US01,M_FRAME_1600E,0,USD,04/15/2022,,KMAT,10001,EA,,,PD,7920,S,1,VC_RFC_USER
M_FRAME_1600J,US01,M_FRAME_1600J,0,USD,04/15/2022,,KMAT,10001,EA,,,PD,7920,S,1,FFID_VC_CM1
M_FRAME_1600K,US01,M_FRAME_1600K,0,USD,04/15/2022,,KMAT,10001,EA,,,PD,7920,S,1,FFID_VC_CM1
M_FRAME_185D,US01,M_FRAME_185D,0,USD,04/15/2022,,KMAT,10001,EA,,,PD,7920,S,1,FFID_VC_CM1
M_FRAME_185F,US01,M_FRAME_185F,0,USD,04/15/2022,,KMAT,10001,EA,,,PD,7920,S,1,FFID_VC_CM1
M_FRAME_375B,US01,M_FRAME_375B,0,USD,04/15/2022,,KMAT,10001,EA,,,PD,7920,S,1,FFID_VC_CM1
M_FRAME_375D,US01,M_FRAME_375D,0,USD,04/15/2022,,KMAT,10001,EA,,,PD,7920,S,1,FFID_ALL5
M_FRAME_900D,US01,M_FRAME_900D,0,USD,04/15/2022,,KMAT,10001,EA,,,PD,7920,S,1,FFID_VC_CM1
M_FRAME_OFD1500B,US01,M_FRAME_OFD1500B,0,USD,04/15/2022,,KMAT,10001,EA,,,PD,7920,S,1,FFID_VC_CM1
M_FRAME_OFD1500E,US01,M_FRAME_OFD1500E,0,USD,04/15/2022,,KMAT,10001,EA,,,PD,7920,S,1,FFID_VC_CM1
M_FRM_MTG_DS13,US01,M_FRM_MTG_DS13,0,USD,04/15/2022,,KMAT,10001,EA,,,PD,7920,S,1,FFID_VC_CM1
M_FRM_MTG_ES6B,US01,M_FRM_MTG_ES6B,0,USD,04/15/2022,,KMAT,10001,EA,,,PD,7920,S,1,FFID_VC_CM1
M_FRM_MTG_LS160,US01,M_FRM_MTG_LS160,0,USD,04/15/2022,,KMAT,10001,EA,,,PD,7920,S,1,FFID_VC_CM1
M_FRM_MTG_LS20T,US01,M_FRM_MTG_LS20T,0,USD,04/15/2022,,KMAT,10001,EA,,,PD,7920,S,1,FFID_VC_CM1
M_FRM_MTG_LS90-110,US01,M_FRM_MTG_LS90-110,0,USD,04/15/2022,,KMAT,10001,EA,,,PD,7920,S,1,FFID_VC_CM1
M_FRM_MTG_SN11-18,US01,M_FRM_MTG_SN11-18,0,USD,04/15/2022,,KMAT,10001,EA,,,PD,7920,S,1,FFID_VC_CM1
M_FRM_MTG_SN18-30,US01,M_FRM_MTG_SN18-30,0,USD,04/15/2022,,KMAT,10001,EA,,,PD,7920,S,1,FFID_VC_CM1
M_FRM_MTG_SN30PB-45B,US01,M_FRM_MTG_SN30PB-45B,0,USD,04/15/2022,,KMAT,10001,EA,,,PD,7920,S,1,FFID_VC_CM1
M_FRM_MTG_SN55-75,US01,M_FRM_MTG_SN55-75,0,USD,04/15/2022,,KMAT,10001,EA,,,PD,7920,S,1,FFID_VC_CM1
M_FRM_MTG_TS32C,US01,M_FRM_MTG_TS32C,0,USD,04/15/2022,,KMAT,10001,EA,,,PD,7920,S,1,FFID_VC_CM1
M_FRM_MTG_TS32SC,US01,M_FRM_MTG_TS32SC,0,USD,04/15/2022,,KMAT,10001,EA,,,PD,7920,S,1,FFID_VC_CM1
M_FRM_MTG_VS10A,US01,M_FRM_MTG_VS10A,0,USD,04/15/2022,,KMAT,10001,EA,,,PD,7920,S,1,FFID_VC_CM1
M_FRM_MTG_VS12A,US01,M_FRM_MTG_VS12A,0,USD,04/15/2022,,KMAT,10001,EA,,,PD,7920,S,1,FFID_VC_CM1
M_FRM_MTG_VS16-20A,US01,M_FRM_MTG_VS16-20A,0,USD,04/15/2022,,KMAT,10001,EA,,,PD,7920,S,1,FFID_VC_CM1
M_FRM_MTG_VS25-32A,US01,M_FRM_MTG_VS25-32A,0,USD,04/15/2022,,KMAT,10001,EA,,,PD,7920,S,1,FFID_VC_CM1
M_FUELSYS_1600C,US01,M_FUELSYS_1600C,0,USD,04/15/2022,,KMAT,10001,EA,,,PD,7920,S,1,FFID_VC_CM1
M_FUELSYS_1600E,US01,M_FUELSYS_1600E,0,USD,04/15/2022,,KMAT,10001,EA,,,PD,7920,S,1,VC_RFC_USER
M_FUELSYS_1600J,US01,M_FUELSYS_1600J,0,USD,04/15/2022,,KMAT,10001,EA,,,PD,7920,S,1,FFID_VC_CM1
M_FUELSYS_1600K,US01,M_FUELSYS_1600K,0,USD,04/15/2022,,KMAT,10001,EA,,,PD,7920,S,1,FFID_VC_CM1
M_FUELSYS_185D,US01,M_FUELSYS_185D,0,USD,04/15/2022,,KMAT,10001,EA,,,PD,7920,S,1,FFID_VC_CM1
M_FUELSYS_185F,US01,M_FUELSYS_185F,0,USD,04/15/2022,,KMAT,10001,EA,,,PD,7920,S,1,FFID_VC_CM1
M_FUELSYS_375B,US01,M_FUELSYS_375B,0,USD,04/15/2022,,KMAT,10001,EA,,,PD,7920,S,1,FFID_VC_CM1
M_FUELSYS_375D,US01,M_FUELSYS_375D,0,USD,04/15/2022,,KMAT,10001,EA,,,PD,7920,S,1,FFID_ALL5
M_FUELSYS_900D,US01,M_FUELSYS_900D,0,USD,04/15/2022,,KMAT,10001,EA,,,PD,7920,S,1,FFID_VC_CM1
M_FUELSYS_OFD1500B,US01,M_FUELSYS_OFD1500B,0,USD,04/15/2022,,KMAT,10001,EA,,,PD,7920,S,1,FFID_VC_CM1
M_FUELSYS_OFD1500E,US01,M_FUELSYS_OFD1500E,0,USD,04/15/2022,,KMAT,10001,EA,,,PD,7920,S,1,FFID_VC_CM1
M_HITCH_185D,US01,M_HITCH_185D,0,USD,04/15/2022,,KMAT,10001,EA,,,PD,7920,S,1,FFID_VC_CM1
M_HITCH_185F,US01,M_HITCH_185F,0,USD,04/15/2022,,KMAT,10001,EA,,,PD,7920,S,1,FFID_VC_CM1
M_HITCH_375B,US01,M_HITCH_375B,0,USD,04/15/2022,,KMAT,10001,EA,,,PD,7920,S,1,FFID_VC_CM1
M_HITCH_375D,US01,M_HITCH_375D,0,USD,04/15/2022,,KMAT,10001,EA,,,PD,7920,S,1,FFID_ALL5
M_HITCH_HEIGHT_185D,US01,M_HITCH_HEIGHT_185D,0,USD,04/15/2022,,KMAT,10001,EA,,,PD,7920,S,1,FFID_VC_CM1
M_HITCH_HEIGHT_185F,US01,M_HITCH_HEIGHT_185F,0,USD,04/15/2022,,KMAT,10001,EA,,,PD,7920,S,1,FFID_VC_CM1
M_HITCH_HEIGHT_375B,US01,M_HITCH_HEIGHT_375B,0,USD,04/15/2022,,KMAT,10001,EA,,,PD,7920,S,1,FFID_VC_CM1
M_HOSE_185D,US01,M_HOSE_185D,0,USD,04/15/2022,,KMAT,10001,EA,,,PD,7920,S,1,FFID_VC_CM1
M_HOSE_185F,US01,M_HOSE_185F,0,USD,04/15/2022,,KMAT,10001,EA,,,PD,7920,S,1,FFID_VC_CM1
M_HOSE_375B,US01,M_HOSE_375B,0,USD,04/15/2022,,KMAT,10001,EA,,,PD,7920,S,1,FFID_VC_CM1
M_HOSE_375D,US01,M_HOSE_375D,0,USD,04/15/2022,,KMAT,10001,EA,,,PD,7920,S,1,FFID_ALL5
M_HOSE_REELS_1600E,US01,M_HOSE_REELS_1600E,0,USD,04/28/2022,,KMAT,10001,EA,,,PD,7920,S,1,VC_RFC_USER
M_HOSE_REELS_185D,US01,M_HOSE_REELS_185D,0,USD,04/15/2022,,KMAT,10001,EA,,,PD,7920,S,1,FFID_VC_CM1
M_HOSE_REELS_185F,US01,M_HOSE_REELS_185F,0,USD,04/15/2022,,KMAT,10001,EA,,,PD,7920,S,1,FFID_VC_CM1
M_HOSE_REELS_375B,US01,M_HOSE_REELS_375B,0,USD,04/15/2022,,KMAT,10001,EA,,,PD,7920,S,1,FFID_VC_CM1
M_HOSE_REELS_375D,US01,M_HOSE_REELS_375D,0,USD,04/15/2022,,KMAT,10001,EA,,,PD,7920,S,1,FFID_ALL5
M_HTTROPT_LS160,US01,M_HTTROPT_LS160,0,USD,04/15/2022,,KMAT,10001,EA,,,PD,7920,S,1,FFID_VC_CM1
M_HTTROPT_LS20T,US01,M_HTTROPT_LS20T,0,USD,04/15/2022,,KMAT,10001,EA,,,PD,7920,S,1,FFID_VC_CM1
M_HTTROPT_LS90-110,US01,M_HTTROPT_LS90-110,0,USD,04/15/2022,,KMAT,10001,EA,,,PD,7920,S,1,FFID_VC_CM1
M_HTTROPT_SN11-18,US01,M_HTTROPT_SN11-18,0,USD,04/15/2022,,KMAT,10001,EA,,,PD,7920,S,1,FFID_VC_CM1
M_HTTROPT_SN18-30,US01,M_HTTROPT_SN18-30,0,USD,04/15/2022,,KMAT,10001,EA,,,PD,7920,S,1,FFID_VC_CM1
M_HTTROPT_SN30PB-45B,US01,M_HTTROPT_SN30PB-45B,0,USD,04/15/2022,,KMAT,10001,EA,,,PD,7920,S,1,FFID_VC_CM1
M_HTTROPT_SN55-75,US01,M_HTTROPT_SN55-75,0,USD,04/15/2022,,KMAT,10001,EA,,,PD,7920,S,1,FFID_VC_CM1
M_HTTROPT_TS32C,US01,M_HTTROPT_TS32C,0,USD,04/15/2022,,KMAT,10001,EA,,,PD,7920,S,1,FFID_VC_CM1
M_HTTROPT_TS32SC,US01,M_HTTROPT_TS32SC,0,USD,04/15/2022,,KMAT,10001,EA,,,PD,7920,S,1,FFID_VC_CM1
M_HTTROPT_VS10A,US01,M_HTTROPT_VS10A,0,USD,04/15/2022,,KMAT,10001,EA,,,PD,7920,S,1,FFID_VC_CM1
M_HTTROPT_VS16-20A,US01,M_HTTROPT_VS16-20A,0,USD,04/15/2022,,KMAT,10001,EA,,,PD,7920,S,1,FFID_VC_CM1
M_IGN_ITRLCK_375B,US01,M_IGN_ITRLCK_375B,0,USD,04/15/2022,,KMAT,10001,EA,,,PD,7920,S,1,FFID_VC_CM1
M_INSTPNL_375B,US01,M_INSTPNL_375B,0,USD,04/15/2022,,KMAT,10001,EA,,,PD,7920,S,1,FFID_VC_CM1
M_INSTPNL_375D,US01,M_INSTPNL_375D,0,USD,04/15/2022,,KMAT,10001,EA,,,PD,7920,S,1,FFID_ALL5
M_INSTPNL_OFD1500E,US01,M_INSTPNL_OFD1500E,0,USD,04/15/2022,,KMAT,10001,EA,,,PD,7920,S,1,FFID_VC_CM1
M_KEY_IGN_375B,US01,M_KEY_IGN_375B,0,USD,04/15/2022,,KMAT,10001,EA,,,PD,7920,S,1,FFID_VC_CM1
M_LAMP_TAIL_1600C,US01,M_LAMP_TAIL_1600C,0,USD,04/15/2022,,KMAT,10001,EA,,,PD,7920,S,1,FFID_VC_CM1
M_LAMP_TAIL_1600J,US01,M_LAMP_TAIL_1600J,0,USD,04/15/2022,,KMAT,10001,EA,,,PD,7920,S,1,FFID_VC_CM1
M_LAMP_TAIL_1600K,US01,M_LAMP_TAIL_1600K,0,USD,04/15/2022,,KMAT,10001,EA,,,PD,7920,S,1,FFID_VC_CM1
M_LAMP_TAIL_185D,US01,M_LAMP_TAIL_185D,0,USD,04/15/2022,,KMAT,10001,EA,,,PD,7920,S,1,FFID_VC_CM1
M_LAMP_TAIL_185F,US01,M_LAMP_TAIL_185F,0,USD,04/15/2022,,KMAT,10001,EA,,,PD,7920,S,1,FFID_VC_CM1
M_LAMP_TAIL_375B,US01,M_LAMP_TAIL_375B,0,USD,04/15/2022,,KMAT,10001,EA,,,PD,7920,S,1,FFID_VC_CM1
M_LAMP_TAIL_375D,US01,M_LAMP_TAIL_375D,0,USD,04/15/2022,,KMAT,10001,EA,,,PD,7920,S,1,FFID_ALL5
M_LAMP_TAIL_900D,US01,M_LAMP_TAIL_900D,0,USD,04/15/2022,,KMAT,10001,EA,,,PD,7920,S,1,FFID_VC_CM1
M_LBLG_1600C,US01,M_LBLG_1600C,0,USD,04/15/2022,,KMAT,10001,EA,,,PD,7920,S,1,FFID_VC_CM1
M_LBLG_1600E,US01,M_LBLG_1600E,0,USD,04/15/2022,,KMAT,10001,EA,,,PD,7920,S,1,FFID_VC_CM1
M_LBLG_1600J,US01,M_LBLG_1600J,0,USD,04/15/2022,,KMAT,10001,EA,,,PD,7920,S,1,FFID_VC_CM1
M_LBLG_1600K,US01,M_LBLG_1600K,0,USD,04/15/2022,,KMAT,10001,EA,,,PD,7920,S,1,FFID_VC_CM1
M_LBLG_185D,US01,M_LBLG_185D,0,USD,04/15/2022,,KMAT,10001,EA,,,PD,7920,S,1,FFID_VC_CM1
M_LBLG_185F,US01,M_LBLG_185F,0,USD,04/15/2022,,KMAT,10001,EA,,,PD,7920,S,1,FFID_VC_CM1
M_LBLG_375B,US01,M_LBLG_375B,0,USD,04/15/2022,,KMAT,10001,EA,,,PD,7920,S,1,FFID_VC_CM1
M_LBLG_375D,US01,M_LBLG_375D,0,USD,04/15/2022,,KMAT,10001,EA,,,PD,7920,S,1,FFID_VC_CM1
M_LBLG_900D,US01,M_LBLG_900D,0,USD,04/15/2022,,KMAT,10001,EA,,,PD,7920,S,1,FFID_VC_CM1
M_LBLG_DS13,US01,M_LBLG_DS13,0,USD,04/15/2022,,KMAT,10001,EA,,,PD,7920,S,1,FFID_VC_CM1
M_LBLG_ES6B,US01,M_LBLG_ES6B,0,USD,04/15/2022,,KMAT,10001,EA,,,PD,7920,S,1,FFID_VC_CM2
M_LBLG_LS160,US01,M_LBLG_LS160,0,USD,04/15/2022,,KMAT,10001,EA,,,PD,7920,S,1,FFID_VC_CM1
M_LBLG_LS20T,US01,M_LBLG_LS20T,0,USD,04/15/2022,,KMAT,10001,EA,,,PD,7920,S,1,FFID_VC_CM1
M_LBLG_LS90-110,US01,M_LBLG_LS90-110,0,USD,04/15/2022,,KMAT,10001,EA,,,PD,7920,S,1,FFID_VC_CM1
M_LBLG_OFD1500B,US01,M_LBLG_OFD1500B,0,USD,04/15/2022,,KMAT,10001,EA,,,PD,7920,S,1,FFID_VC_CM1
M_LBLG_OFD1500E,US01,M_LBLG_OFD1500E,0,USD,04/15/2022,,KMAT,10001,EA,,,PD,7920,S,1,FFID_VC_CM1
M_LBLG_SN11-18,US01,M_LBLG_SN11-18,0,USD,04/15/2022,,KMAT,10001,EA,,,PD,7920,S,1,FFID_VC_CM1
M_LBLG_SN18-30,US01,M_LBLG_SN18-30,0,USD,04/15/2022,,KMAT,10001,EA,,,PD,7920,S,1,FFID_VC_CM1
M_LBLG_SN30PB-45B,US01,M_LBLG_SN30PB-45B,0,USD,04/15/2022,,KMAT,10001,EA,,,PD,7920,S,1,FFID_VC_CM1
M_LBLG_SN55-75,US01,M_LBLG_SN55-75,0,USD,04/15/2022,,KMAT,10001,EA,,,PD,7920,S,1,FFID_VC_CM1
M_LBLG_TS32C,US01,M_LBLG_TS32C,0,USD,04/15/2022,,KMAT,10001,EA,,,PD,7920,S,1,FFID_VC_CM1
M_LBLG_TS32SC,US01,M_LBLG_TS32SC,0,USD,04/15/2022,,KMAT,10001,EA,,,PD,7920,S,1,FFID_VC_CM1
M_LBLG_VS10A,US01,M_LBLG_VS10A,0,USD,04/15/2022,,KMAT,10001,EA,,,PD,7920,S,1,FFID_VC_CM1
M_LBLG_VS12A,US01,M_LBLG_VS12A,0,USD,04/15/2022,,KMAT,10001,EA,,,PD,7920,S,1,FFID_VC_CM1
M_LBLG_VS16-20A,US01,M_LBLG_VS16-20A,0,USD,04/15/2022,,KMAT,10001,EA,,,PD,7920,S,1,FFID_VC_CM1
M_LBLG_VS25-32A,US01,M_LBLG_VS25-32A,0,USD,04/15/2022,,KMAT,10001,EA,,,PD,7920,S,1,FFID_VC_CM1
M_LINE_OILER_375B,US01,M_LINE_OILER_375B,0,USD,04/15/2022,,KMAT,10001,EA,,,PD,7920,S,1,FFID_VC_CM1
M_LOWFUELSD_375B,US01,M_LOWFUELSD_375B,0,USD,04/15/2022,,KMAT,10001,EA,,,PD,7920,S,1,FFID_VC_CM1
M_LT_CLRNC_375B,US01,M_LT_CLRNC_375B,0,USD,04/15/2022,,KMAT,10001,EA,,,PD,7920,S,1,FFID_VC_CM1
M_MANUAL_1600C,US01,M_MANUAL_1600C,0,USD,04/15/2022,,KMAT,10001,EA,,,PD,7920,S,1,FFID_VC_CM1
M_MANUAL_1600E,US01,M_MANUAL_1600E,0,USD,04/15/2022,,KMAT,10001,EA,,,PD,7920,S,1,VC_RFC_USER
M_MANUAL_1600J,US01,M_MANUAL_1600J,0,USD,04/15/2022,,KMAT,10001,EA,,,PD,7920,S,1,FFID_VC_CM1
M_MANUAL_1600K,US01,M_MANUAL_1600K,0,USD,04/15/2022,,KMAT,10001,EA,,,PD,7920,S,1,FFID_VC_CM1
M_MANUAL_185D,US01,M_MANUAL_185D,0,USD,04/15/2022,,KMAT,10001,EA,,,PD,7920,S,1,FFID_VC_CM1
M_MANUAL_185F,US01,M_MANUAL_185F,0,USD,04/15/2022,,KMAT,10001,EA,,,PD,7920,S,1,FFID_VC_CM1
M_MANUAL_375B,US01,M_MANUAL_375B,0,USD,04/15/2022,,KMAT,10001,EA,,,PD,7920,S,1,FFID_VC_CM1
M_MANUAL_375D,US01,M_MANUAL_375D,0,USD,04/15/2022,,KMAT,10001,EA,,,PD,7920,S,1,FFID_ALL5
M_MANUAL_900D,US01,M_MANUAL_900D,0,USD,04/15/2022,,KMAT,10001,EA,,,PD,7920,S,1,FFID_VC_CM1
M_MANUAL_OFD1500B,US01,M_MANUAL_OFD1500B,0,USD,04/15/2022,,KMAT,10001,EA,,,PD,7920,S,1,FFID_VC_CM1
M_MECOPT_VS10A,US01,M_MECOPT_VS10A,0,USD,04/15/2022,,KMAT,10001,EA,,,PD,7920,S,1,FFID_VC_CM1
M_MECOPT_VS12A,US01,M_MECOPT_VS12A,0,USD,04/15/2022,,KMAT,10001,EA,,,PD,7920,S,1,FFID_VC_CM1
M_MECOPT_VS16-20A,US01,M_MECOPT_VS16-20A,0,USD,04/15/2022,,KMAT,10001,EA,,,PD,7920,S,1,FFID_VC_CM1
M_MECOPT_VS25-32A,US01,M_MECOPT_VS25-32A,0,USD,04/15/2022,,KMAT,10001,EA,,,PD,7920,S,1,FFID_VC_CM1
M_MOISTDR_DS13,US01,M_MOISTDR_DS13,0,USD,04/15/2022,,KMAT,10001,EA,,,PD,7920,S,1,FFID_VC_CM1
M_MOISTDR_LS160,US01,M_MOISTDR_LS160,0,USD,04/15/2022,,KMAT,10001,EA,,,PD,7920,S,1,FFID_VC_CM1
M_MOISTDR_LS20T,US01,M_MOISTDR_LS20T,0,USD,04/15/2022,,KMAT,10001,EA,,,PD,7920,S,1,FFID_VC_CM1
M_MOISTDR_LS90-110,US01,M_MOISTDR_LS90-110,0,USD,04/15/2022,,KMAT,10001,EA,,,PD,7920,S,1,FFID_VC_CM1
M_MOISTDR_SN11-18,US01,M_MOISTDR_SN11-18,0,USD,04/15/2022,,KMAT,10001,EA,,,PD,7920,S,1,FFID_VC_CM1
M_MOISTDR_SN18-30,US01,M_MOISTDR_SN18-30,0,USD,04/15/2022,,KMAT,10001,EA,,,PD,7920,S,1,FFID_VC_CM1
M_MOISTDR_SN30PB-45B,US01,M_MOISTDR_SN30PB-45B,0,USD,04/15/2022,,KMAT,10001,EA,,,PD,7920,S,1,FFID_VC_CM1
M_MOISTDR_SN55-75,US01,M_MOISTDR_SN55-75,0,USD,04/15/2022,,KMAT,10001,EA,,,PD,7920,S,1,FFID_VC_CM1
M_MOISTDR_TS32C,US01,M_MOISTDR_TS32C,0,USD,04/15/2022,,KMAT,10001,EA,,,PD,7920,S,1,FFID_VC_CM1
M_MOISTDR_TS32SC,US01,M_MOISTDR_TS32SC,0,USD,04/15/2022,,KMAT,10001,EA,,,PD,7920,S,1,FFID_VC_CM1
M_MTRWRG_LS160,US01,M_MTRWRG_LS160,0,USD,04/15/2022,,KMAT,10001,EA,,,PD,7920,S,1,FFID_VC_CM1
M_MTRWRG_LS20T,US01,M_MTRWRG_LS20T,0,USD,04/15/2022,,KMAT,10001,EA,,,PD,7920,S,1,FFID_VC_CM1
M_MTRWRG_LS90-110,US01,M_MTRWRG_LS90-110,0,USD,04/15/2022,,KMAT,10001,EA,,,PD,7920,S,1,FFID_VC_CM1
M_MTRWRG_SN11-18,US01,M_MTRWRG_SN11-18,0,USD,04/15/2022,,KMAT,10001,EA,,,PD,7920,S,1,FFID_VC_CM1
M_MTRWRG_SN18-30,US01,M_MTRWRG_SN18-30,0,USD,04/15/2022,,KMAT,10001,EA,,,PD,7920,S,1,FFID_VC_CM1
M_MTRWRG_SN30PB-45B,US01,M_MTRWRG_SN30PB-45B,0,USD,04/15/2022,,KMAT,10001,EA,,,PD,7920,S,1,FFID_VC_CM1
M_MTRWRG_SN55-75,US01,M_MTRWRG_SN55-75,0,USD,04/15/2022,,KMAT,10001,EA,,,PD,7920,S,1,FFID_VC_CM1
M_MTRWRG_TS32C,US01,M_MTRWRG_TS32C,0,USD,04/15/2022,,KMAT,10001,EA,,,PD,7920,S,1,FFID_VC_CM1
M_MTRWRG_TS32SC,US01,M_MTRWRG_TS32SC,0,USD,04/15/2022,,KMAT,10001,EA,,,PD,7920,S,1,FFID_VC_CM1
M_MTRWRG_VS10A,US01,M_MTRWRG_VS10A,0,USD,04/15/2022,,KMAT,10001,EA,,,PD,7920,S,1,FFID_VC_CM1
M_MTRWRG_VS12A,US01,M_MTRWRG_VS12A,0,USD,04/15/2022,,KMAT,10001,EA,,,PD,7920,S,1,FFID_VC_CM1
M_MTRWRG_VS16-20A,US01,M_MTRWRG_VS16-20A,0,USD,04/15/2022,,KMAT,10001,EA,,,PD,7920,S,1,FFID_VC_CM1
M_MTRWRG_VS25-32A,US01,M_MTRWRG_VS25-32A,0,USD,04/15/2022,,KMAT,10001,EA,,,PD,7920,S,1,FFID_VC_CM1
M_MTR_DS13,US01,M_MTR_DS13,0,USD,04/15/2022,,KMAT,10001,EA,,,PD,7920,S,1,FFID_VC_CM1
M_MTR_ES6B,US01,M_MTR_ES6B,0,USD,04/15/2022,,KMAT,10001,EA,,,PD,7920,S,1,FFID_VC_CM1
M_MTR_LS160,US01,M_MTR_LS160,0,USD,04/15/2022,,KMAT,10001,EA,,,PD,7920,S,1,FFID_VC_CM1
M_MTR_LS20T,US01,M_MTR_LS20T,0,USD,04/15/2022,,KMAT,10001,EA,,,PD,7920,S,1,FFID_VC_CM1
M_MTR_LS90-110,US01,M_MTR_LS90-110,0,USD,04/15/2022,,KMAT,10001,EA,,,PD,7920,S,1,FFID_VC_CM1
M_MTR_SN11-18,US01,M_MTR_SN11-18,0,USD,04/15/2022,,KMAT,10001,EA,,,PD,7920,S,1,FFID_VC_CM1
M_MTR_SN18-30,US01,M_MTR_SN18-30,0,USD,04/15/2022,,KMAT,10001,EA,,,PD,7920,S,1,FFID_VC_CM1
M_MTR_SN30PB-45B,US01,M_MTR_SN30PB-45B,0,USD,04/15/2022,,KMAT,10001,EA,,,PD,7920,S,1,FFID_VC_CM1
M_MTR_SN55-75,US01,M_MTR_SN55-75,0,USD,04/15/2022,,KMAT,10001,EA,,,PD,7920,S,1,FFID_VC_CM1
M_MTR_TS32C,US01,M_MTR_TS32C,0,USD,04/15/2022,,KMAT,10001,EA,,,PD,7920,S,1,FFID_VC_CM1
M_MTR_TS32SC,US01,M_MTR_TS32SC,0,USD,04/15/2022,,KMAT,10001,EA,,,PD,7920,S,1,FFID_VC_CM1
M_MTR_VS10A,US01,M_MTR_VS10A,0,USD,04/15/2022,,KMAT,10001,EA,,,PD,7920,S,1,FFID_VC_CM1
M_MTR_VS12A,US01,M_MTR_VS12A,0,USD,04/15/2022,,KMAT,10001,EA,,,PD,7920,S,1,FFID_VC_CM1
M_MTR_VS16-20A,US01,M_MTR_VS16-20A,0,USD,04/15/2022,,KMAT,10001,EA,,,PD,7920,S,1,FFID_VC_CM1
M_MTR_VS25-32A,US01,M_MTR_VS25-32A,0,USD,04/15/2022,,KMAT,10001,EA,,,PD,7920,S,1,FFID_VC_CM1
M_OILFILL_ES6B,US01,M_OILFILL_ES6B,0,USD,04/15/2022,,KMAT,10001,EA,,,PD,7920,S,1,FFID_VC_CM1
M_OILPMO_TS32C,US01,M_OILPMO_TS32C,0,USD,04/15/2022,,KMAT,10001,EA,,,PD,7920,S,1,FFID_VC_CM1
M_OILPMO_TS32SC,US01,M_OILPMO_TS32SC,0,USD,04/15/2022,,KMAT,10001,EA,,,PD,7920,S,1,FFID_VC_CM1
M_OILPMO_VS25-32A,US01,M_OILPMO_VS25-32A,0,USD,04/15/2022,,KMAT,10001,EA,,,PD,7920,S,1,FFID_VC_CM1
M_OILPNOPT_LS160,US01,M_OILPNOPT_LS160,0,USD,04/15/2022,,KMAT,10001,EA,,,PD,7920,S,1,FFID_VC_CM1
M_OILPNOPT_LS90-110,US01,M_OILPNOPT_LS90-110,0,USD,04/15/2022,,KMAT,10001,EA,,,PD,7920,S,1,FFID_VC_CM1
M_PAINT_LS20T,US01,M_PAINT_LS20T,0,USD,04/15/2022,,KMAT,10001,EA,,,PD,7920,S,1,FFID_VC_CM1
M_PAINT_TS32C,US01,M_PAINT_TS32C,0,USD,04/15/2022,,KMAT,10001,EA,,,PD,7920,S,1,FFID_VC_CM1
M_PAINT_TS32SC,US01,M_PAINT_TS32SC,0,USD,04/15/2022,,KMAT,10001,EA,,,PD,7920,S,1,FFID_VC_CM1
M_PAINT_VS25-32A,US01,M_PAINT_VS25-32A,0,USD,04/15/2022,,KMAT,10001,EA,,,PD,7920,S,1,FFID_VC_CM1
M_PANELS_1600C,US01,M_PANELS_1600C,0,USD,04/15/2022,,KMAT,10001,EA,,,PD,7920,S,1,FFID_VC_CM1
M_PANELS_375B,US01,M_PANELS_375B,0,USD,04/15/2022,,KMAT,10001,EA,,,PD,7920,S,1,FFID_VC_CM1
M_PFAURSOP_ES6B,US01,M_PFAURSOP_ES6B,0,USD,04/15/2022,,KMAT,10001,EA,,,PD,7920,S,1,FFID_VC_CM1
M_PFAURSOP_VS10A,US01,M_PFAURSOP_VS10A,0,USD,04/15/2022,,KMAT,10001,EA,,,PD,7920,S,1,FFID_VC_CM1
M_PFAURSOP_VS12A,US01,M_PFAURSOP_VS12A,0,USD,04/15/2022,,KMAT,10001,EA,,,PD,7920,S,1,FFID_VC_CM1
M_PFAURSOP_VS16-20A,US01,M_PFAURSOP_VS16-20A,0,USD,04/15/2022,,KMAT,10001,EA,,,PD,7920,S,1,FFID_VC_CM1
M_PFAURSOP_VS25-32A,US01,M_PFAURSOP_VS25-32A,0,USD,04/15/2022,,KMAT,10001,EA,,,PD,7920,S,1,FFID_VC_CM1
M_PFCAP_DS13,US01,M_PFCAP_DS13,0,USD,04/15/2022,,KMAT,10001,EA,,,PD,7920,S,1,FFID_VC_CM1
M_PFCAP_TS32C,US01,M_PFCAP_TS32C,0,USD,04/15/2022,,KMAT,10001,EA,,,PD,7920,S,1,FFID_VC_CM1
M_PHMOROP_LS20T,US01,M_PHMOROP_LS20T,0,USD,04/15/2022,,KMAT,10001,EA,,,PD,7920,S,1,FFID_VC_CM1
M_PHMOROP_SN11-18,US01,M_PHMOROP_SN11-18,0,USD,04/15/2022,,KMAT,10001,EA,,,PD,7920,S,1,FFID_VC_CM1
M_PHMOROP_SN18-30,US01,M_PHMOROP_SN18-30,0,USD,04/15/2022,,KMAT,10001,EA,,,PD,7920,S,1,FFID_VC_CM1
M_PHMOROP_SN30PB-45B,US01,M_PHMOROP_SN30PB-45B,0,USD,04/15/2022,,KMAT,10001,EA,,,PD,7920,S,1,FFID_VC_CM1
M_PHMOROP_SN55-75,US01,M_PHMOROP_SN55-75,0,USD,04/15/2022,,KMAT,10001,EA,,,PD,7920,S,1,FFID_VC_CM1
M_PHMOROP_TS32C,US01,M_PHMOROP_TS32C,0,USD,04/15/2022,,KMAT,10001,EA,,,PD,7920,S,1,FFID_VC_CM1
M_PHMOROP_TS32SC,US01,M_PHMOROP_TS32SC,0,USD,04/15/2022,,KMAT,10001,EA,,,PD,7920,S,1,FFID_VC_CM1
M_PHMOROP_VS10A,US01,M_PHMOROP_VS10A,0,USD,04/15/2022,,KMAT,10001,EA,,,PD,7920,S,1,FFID_VC_CM1
M_PHMOROP_VS12A,US01,M_PHMOROP_VS12A,0,USD,04/15/2022,,KMAT,10001,EA,,,PD,7920,S,1,FFID_VC_CM1
M_PHMOROP_VS16-20A,US01,M_PHMOROP_VS16-20A,0,USD,04/15/2022,,KMAT,10001,EA,,,PD,7920,S,1,FFID_VC_CM1
M_PHMOROP_VS25-32A,US01,M_PHMOROP_VS25-32A,0,USD,04/15/2022,,KMAT,10001,EA,,,PD,7920,S,1,FFID_VC_CM1
M_PMONOPT_LS160,US01,M_PMONOPT_LS160,0,USD,04/15/2022,,KMAT,10001,EA,,,PD,7920,S,1,FFID_VC_CM1
M_PMONOPT_LS90-110,US01,M_PMONOPT_LS90-110,0,USD,04/15/2022,,KMAT,10001,EA,,,PD,7920,S,1,FFID_VC_CM1
M_PMONOPT_SN55-75,US01,M_PMONOPT_SN55-75,0,USD,04/15/2022,,KMAT,10001,EA,,,PD,7920,S,1,FFID_VC_CM1
M_PNEUCTL_ES6B,US01,M_PNEUCTL_ES6B,0,USD,04/15/2022,,KMAT,10001,EA,,,PD,7920,S,1,FFID_VC_CM1
M_PNEUCTL_LS160,US01,M_PNEUCTL_LS160,0,USD,04/15/2022,,KMAT,10001,EA,,,PD,7920,S,1,FFID_VC_CM1
M_PNEUCTL_LS20T,US01,M_PNEUCTL_LS20T,0,USD,04/15/2022,,KMAT,10001,EA,,,PD,7920,S,1,FFID_VC_CM1
M_PNEUCTL_LS90-110,US01,M_PNEUCTL_LS90-110,0,USD,04/15/2022,,KMAT,10001,EA,,,PD,7920,S,1,FFID_VC_CM1
M_PNEUCTL_OFD1500E,US01,M_PNEUCTL_OFD1500E,0,USD,04/15/2022,,KMAT,10001,EA,,,PD,7920,S,1,FFID_VC_CM1
M_PNEUCTL_SN11-18,US01,M_PNEUCTL_SN11-18,0,USD,04/15/2022,,KMAT,10001,EA,,,PD,7920,S,1,FFID_VC_CM1
M_PNEUCTL_SN18-30,US01,M_PNEUCTL_SN18-30,0,USD,04/15/2022,,KMAT,10001,EA,,,PD,7920,S,1,FFID_VC_CM1
M_PNEUCTL_SN30PB-45B,US01,M_PNEUCTL_SN30PB-45B,0,USD,04/15/2022,,KMAT,10001,EA,,,PD,7920,S,1,FFID_VC_CM1
M_PNEUCTL_SN55-75,US01,M_PNEUCTL_SN55-75,0,USD,04/15/2022,,KMAT,10001,EA,,,PD,7920,S,1,FFID_VC_CM1
M_PNEUCTL_TS32C,US01,M_PNEUCTL_TS32C,0,USD,04/15/2022,,KMAT,10001,EA,,,PD,7920,S,1,FFID_VC_CM1
M_PNEUCTL_TS32SC,US01,M_PNEUCTL_TS32SC,0,USD,04/15/2022,,KMAT,10001,EA,,,PD,7920,S,1,FFID_VC_CM1
M_PNEUCTL_VS10A,US01,M_PNEUCTL_VS10A,0,USD,04/15/2022,,KMAT,10001,EA,,,PD,7920,S,1,FFID_VC_CM1
M_PNEUCTL_VS12A,US01,M_PNEUCTL_VS12A,0,USD,04/15/2022,,KMAT,10001,EA,,,PD,7920,S,1,FFID_VC_CM1
M_PNEUCTL_VS16-20A,US01,M_PNEUCTL_VS16-20A,0,USD,04/15/2022,,KMAT,10001,EA,,,PD,7920,S,1,FFID_VC_CM1
M_PNEUCTL_VS25-32A,US01,M_PNEUCTL_VS25-32A,0,USD,04/15/2022,,KMAT,10001,EA,,,PD,7920,S,1,FFID_VC_CM1
M_PNL_ILM_375B,US01,M_PNL_ILM_375B,0,USD,04/15/2022,,KMAT,10001,EA,,,PD,7920,S,1,FFID_VC_CM1
M_PRE_INSP_1600C,US01,M_PRE_INSP_1600C,0,USD,04/15/2022,,KMAT,10001,EA,,,PD,7920,S,1,FFID_VC_CM1
M_PRE_INSP_375B,US01,M_PRE_INSP_375B,0,USD,04/15/2022,,KMAT,10001,EA,,,PD,7920,S,1,FFID_VC_CM1
M_PRE_INSP_375D,US01,M_PRE_INSP_375D,0,USD,04/15/2022,,KMAT,10001,EA,,,PD,7920,S,1,FFID_ALL5
M_PROTCONV_DS13,US01,M_PROTCONV_DS13,0,USD,04/15/2022,,KMAT,10001,EA,,,PD,7920,S,1,FFID_VC_CM1
M_PROTCONV_LS20T,US01,M_PROTCONV_LS20T,0,USD,04/15/2022,,KMAT,10001,EA,,,PD,7920,S,1,FFID_VC_CM1
M_PROTCONV_LS90-110,US01,M_PROTCONV_LS90-110,0,USD,04/15/2022,,KMAT,10001,EA,,,PD,7920,S,1,FFID_VC_CM1
M_PROTCONV_SN11-18,US01,M_AIRINL_VS32,0,USD,04/15/2022,,KMAT,10001,EA,,,PD,7920,S,1,FFID_VC_CM1
M_PROTCONV_SN18-30,US01,M_PROTCONV_SN18-30,0,USD,04/15/2022,,KMAT,10001,EA,,,PD,7920,S,1,FFID_VC_CM1
M_PROTCONV_SN30PB-45B,US01,M_PROTCONV_SN30PB-45B,0,USD,04/15/2022,,KMAT,10001,EA,,,PD,7920,S,1,FFID_VC_CM1
M_PROTCONV_TS32C,US01,M_PROTCONV_TS32C,0,USD,04/15/2022,,KMAT,10001,EA,,,PD,7920,S,1,FFID_VC_CM1
M_PWRPRREL_SN11-18,US01,M_AIROC_DS13,0,USD,04/15/2022,,KMAT,10001,EA,,,PD,7920,S,1,FFID_VC_CM1
M_PWRPRREL_SN18-30,US01,M_PWRPRREL_SN18-30,0,USD,04/15/2022,,KMAT,10001,EA,,,PD,7920,S,1,FFID_VC_CM1
M_RCVROP_ES6B,US01,M_RCVROP_ES6B,0,USD,04/15/2022,,KMAT,10001,EA,,,PD,7920,S,1,FFID_VC_CM1
M_RECD_GRP_1600C,US01,M_RECD_GRP_1600C,0,USD,04/15/2022,,KMAT,10001,EA,,,PD,7920,S,1,FFID_VC_CM1
M_RECD_GRP_1600E,US01,M_RECD_GRP_1600E,0,USD,04/15/2022,,KMAT,10001,EA,,,PD,7920,S,1,VC_RFC_USER
M_RECD_GRP_1600J,US01,M_RECD_GRP_1600J,0,USD,04/15/2022,,KMAT,10001,EA,,,PD,7920,S,1,FFID_VC_CM1
M_RECD_GRP_1600K,US01,M_RECD_GRP_1600K,0,USD,04/15/2022,,KMAT,10001,EA,,,PD,7920,S,1,FFID_VC_CM1
M_RECD_GRP_185D,US01,M_RECD_GRP_185D,0,USD,04/15/2022,,KMAT,10001,EA,,,PD,7920,S,1,FFID_VC_CM1
M_RECD_GRP_185F,US01,M_RECD_GRP_185F,0,USD,04/15/2022,,KMAT,10001,EA,,,PD,7920,S,1,FFID_VC_CM1
M_RECD_GRP_375B,US01,M_RECD_GRP_375B,0,USD,04/15/2022,,KMAT,10001,EA,,,PD,7920,S,1,FFID_VC_CM1
M_RECD_GRP_375D,US01,M_RECD_GRP_375D,0,USD,04/15/2022,,KMAT,10001,EA,,,PD,7920,S,1,FFID_ALL5
M_RECD_GRP_900D,US01,M_RECD_GRP_900D,0,USD,04/15/2022,,KMAT,10001,EA,,,PD,7920,S,1,FFID_VC_CM1
M_RECD_GRP_OFD1500B,US01,M_RECD_GRP_OFD1500B,0,USD,04/15/2022,,KMAT,10001,EA,,,PD,7920,S,1,FFID_VC_CM1
M_RECD_GRP_OFD1500E,US01,M_RECD_GRP_OFD1500E,0,USD,04/15/2022,,KMAT,10001,EA,,,PD,7920,S,1,FFID_VC_CM1
M_REC_OILDRN_375B,US01,M_REC_OILDRN_375B,0,USD,04/15/2022,,KMAT,10001,EA,,,PD,7920,S,1,FFID_VC_CM1
M_REFLECTORS_185D,US01,M_REFLECTORS_185D,0,USD,04/15/2022,,KMAT,10001,EA,,,PD,7920,S,1,FFID_VC_CM1
M_REFLECTORS_375B,US01,M_REFLECTORS_375B,0,USD,04/15/2022,,KMAT,10001,EA,,,PD,7920,S,1,FFID_VC_CM1
M_RELAY_DS13,US01,M_RELAY_DS13,0,USD,04/15/2022,,KMAT,10001,EA,,,PD,7920,S,1,FFID_VC_CM1
M_RELAY_LS20T,US01,M_RELAY_LS20T,0,USD,04/15/2022,,KMAT,10001,EA,,,PD,7920,S,1,FFID_VC_CM1
M_RELAY_SN11-18,US01,M_AIROC_DSP75,0,USD,04/15/2022,,KMAT,10001,EA,,,PD,7920,S,1,FFID_VC_CM1
M_RELAY_SN18-30,US01,M_RELAY_SN18-30,0,USD,04/15/2022,,KMAT,10001,EA,,,PD,7920,S,1,FFID_VC_CM1
M_RELAY_TS32C,US01,M_RELAY_TS32C,0,USD,04/15/2022,,KMAT,10001,EA,,,PD,7920,S,1,FFID_VC_CM1
M_RELAY_TS32SC,US01,M_RELAY_TS32SC,0,USD,04/15/2022,,KMAT,10001,EA,,,PD,7920,S,1,FFID_VC_CM1
M_RELAY_VS10A,US01,M_RELAY_VS10A,0,USD,04/15/2022,,KMAT,10001,EA,,,PD,7920,S,1,FFID_VC_CM1
M_RELAY_VS12A,US01,M_RELAY_VS12A,0,USD,04/15/2022,,KMAT,10001,EA,,,PD,7920,S,1,FFID_VC_CM1
M_RELAY_VS16-20A,US01,M_RELAY_VS16-20A,0,USD,04/15/2022,,KMAT,10001,EA,,,PD,7920,S,1,FFID_VC_CM1
M_RELAY_VS25-32A,US01,M_RELAY_VS25-32A,0,USD,04/15/2022,,KMAT,10001,EA,,,PD,7920,S,1,FFID_VC_CM1
M_RLFVLV_ES6B,US01,M_RLFVLV_ES6B,0,USD,04/15/2022,,KMAT,10001,EA,,,PD,7920,S,1,FFID_VC_CM1
M_RN_GEAR_1600C,US01,M_RN_GEAR_1600C,0,USD,04/15/2022,,KMAT,10001,EA,,,PD,7920,S,1,FFID_VC_CM1
M_RN_GEAR_185D,US01,M_RN_GEAR_185D,0,USD,04/15/2022,,KMAT,10001,EA,,,PD,7920,S,1,FFID_VC_CM1
M_RN_GEAR_185F,US01,M_RN_GEAR_185F,0,USD,04/15/2022,,KMAT,10001,EA,,,PD,7920,S,1,FFID_VC_CM1
M_RN_GEAR_375B,US01,M_RN_GEAR_375B,0,USD,04/15/2022,,KMAT,10001,EA,,,PD,7920,S,1,FFID_VC_CM1
M_RN_GEAR_375D,US01,M_RN_GEAR_375D,0,USD,04/15/2022,,KMAT,10001,EA,,,PD,7920,S,1,FFID_ALL5
M_RUNSTAT_LS20T,US01,M_RUNSTAT_LS20T,0,USD,04/15/2022,,KMAT,10001,EA,,,PD,7920,S,1,FFID_VC_CM1
M_RUNSTAT_SN11-18,US01,M_AIROC_EMD08,0,USD,04/15/2022,,KMAT,10001,EA,,,PD,7920,S,1,FFID_VC_CM1
M_RUNSTAT_SN18-30,US01,M_RUNSTAT_SN18-30,0,USD,04/15/2022,,KMAT,10001,EA,,,PD,7920,S,1,FFID_VC_CM1
M_RUNSTAT_VS10A,US01,M_RUNSTAT_VS10A,0,USD,04/15/2022,,KMAT,10001,EA,,,PD,7920,S,1,FFID_VC_CM1
M_RUNSTAT_VS12A,US01,M_RUNSTAT_VS12A,0,USD,04/15/2022,,KMAT,10001,EA,,,PD,7920,S,1,FFID_VC_CM1
M_RUNSTAT_VS16-20A,US01,M_RUNSTAT_VS16-20A,0,USD,04/15/2022,,KMAT,10001,EA,,,PD,7920,S,1,FFID_VC_CM1
M_SEPMAININD_375B,US01,M_SEPMAININD_375B,0,USD,04/15/2022,,KMAT,10001,EA,,,PD,7920,S,1,FFID_VC_CM1
M_SEPMAININD_375D,US01,M_SEPMAININD_375D,0,USD,04/15/2022,,KMAT,10001,EA,,,PD,7920,S,1,FFID_ALL5
M_SFT_CHAINS_185D,US01,M_SFT_CHAINS_185D,0,USD,04/15/2022,,KMAT,10001,EA,,,PD,7920,S,1,FFID_VC_CM1
M_SHIPPING_ES6B,US01,M_SHIPPING_ES6B,0,USD,04/15/2022,,KMAT,10001,EA,,,PD,7920,S,1,FFID_VC_CM1
M_SHIPPING_SN11-18,US01,M_SHIPPING_SN11-18,0,USD,04/15/2022,,KMAT,10001,EA,,,PD,7920,S,1,FFID_VC_CM1
M_SHIPPING_SN18-30,US01,M_SHIPPING_SN18-30,0,USD,04/15/2022,,KMAT,10001,EA,,,PD,7920,S,1,FFID_VC_CM1
M_SHIPPING_SN30PB-45B,US01,M_SHIPPING_SN30PB-45B,0,USD,04/15/2022,,KMAT,10001,EA,,,PD,7920,S,1,FFID_VC_CM1
M_SHIPPING_SN55-75,US01,M_SHIPPING_SN55-75,0,USD,04/15/2022,,KMAT,10001,EA,,,PD,7920,S,1,FFID_VC_CM1
M_SHIPPING_TS32SC,US01,M_SHIPPING_TS32SC,0,USD,04/15/2022,,KMAT,10001,EA,,,PD,7920,S,1,FFID_VC_CM1
M_SHIPPING_VS10A,US01,M_SHIPPING_VS10A,0,USD,04/15/2022,,KMAT,10001,EA,,,PD,7920,S,1,FFID_VC_CM1
M_SHIPPING_VS12A,US01,M_SHIPPING_VS12A,0,USD,04/15/2022,,KMAT,10001,EA,,,PD,7920,S,1,FFID_VC_CM1
M_SHIPPING_VS16-20A,US01,M_SHIPPING_VS16-20A,0,USD,04/15/2022,,KMAT,10001,EA,,,PD,7920,S,1,FFID_VC_CM1
M_SHIPSKID_1600C,US01,M_SHIPSKID_1600C,0,USD,04/15/2022,,KMAT,10001,EA,,,PD,7920,S,1,FFID_VC_CM1
M_SMV_DECAL_1600C,US01,M_SMV_DECAL_1600C,0,USD,04/15/2022,,KMAT,10001,EA,,,PD,7920,S,1,FFID_VC_CM1
M_SMV_DECAL_375B,US01,M_SMV_DECAL_375B,0,USD,04/15/2022,,KMAT,10001,EA,,,PD,7920,S,1,FFID_VC_CM1
M_SPARE_TIRE_185D,US01,M_SPARE_TIRE_185D,0,USD,04/15/2022,,KMAT,10001,EA,,,PD,7920,S,1,FFID_VC_CM1
M_SPARE_TIRE_185F,US01,M_SPARE_TIRE_185F,0,USD,04/15/2022,,KMAT,10001,EA,,,PD,7920,S,1,FFID_VC_CM1
M_SPARE_TIRE_375B,US01,M_SPARE_TIRE_375B,0,USD,04/15/2022,,KMAT,10001,EA,,,PD,7920,S,1,FFID_VC_CM1
M_SPARE_TIRE_375D,US01,M_SPARE_TIRE_375D,0,USD,04/15/2022,,KMAT,10001,EA,,,PD,7920,S,1,FFID_VC_CM1
M_SPARKASTR_1600E,US01,M_SPARKASTR_1600E,0,USD,04/15/2022,,KMAT,10001,EA,,,PD,7920,S,1,VC_RFC_USER
M_SPARKASTR_375B,US01,M_SPARKASTR_375B,0,USD,04/15/2022,,KMAT,10001,EA,,,PD,7920,S,1,FFID_VC_CM1
M_SRV_VLV_375B,US01,M_SRV_VLV_375B,0,USD,04/15/2022,,KMAT,10001,EA,,,PD,7920,S,1,FFID_VC_CM1
M_SRV_VLV_375D,US01,M_SRV_VLV_375D,0,USD,04/15/2022,,KMAT,10001,EA,,,PD,7920,S,1,FFID_ALL5
M_SS_CANOPY_1600C,US01,M_SS_CANOPY_1600C,0,USD,04/15/2022,,KMAT,10001,EA,,,PD,7920,S,1,FFID_VC_CM1
M_SS_CANOPY_375B,US01,M_SS_CANOPY_375B,0,USD,04/15/2022,,KMAT,10001,EA,,,PD,7920,S,1,FFID_VC_CM1
M_STR_DS13,US01,M_STR_DS13,0,USD,04/15/2022,,KMAT,10001,EA,,,PD,7920,S,1,FFID_VC_CM1
M_STR_ES6B,US01,M_STR_ES6B,0,USD,04/15/2022,,KMAT,10001,EA,,,PD,7920,S,1,FFID_VC_CM1
M_STR_LS160,US01,M_STR_LS160,0,USD,04/15/2022,,KMAT,10001,EA,,,PD,7920,S,1,FFID_VC_CM1
M_STR_LS20T,US01,M_STR_LS20T,0,USD,04/15/2022,,KMAT,10001,EA,,,PD,7920,S,1,FFID_VC_CM1
M_STR_LS90-110,US01,M_STR_LS90-110,0,USD,04/15/2022,,KMAT,10001,EA,,,PD,7920,S,1,FFID_VC_CM1
M_STR_SN11-18,US01,M_STR_SN11-18,0,USD,04/15/2022,,KMAT,10001,EA,,,PD,7920,S,1,FFID_VC_CM1
M_STR_SN18-30,US01,M_STR_SN18-30,0,USD,04/15/2022,,KMAT,10001,EA,,,PD,7920,S,1,FFID_VC_CM1
M_STR_SN30PB-45B,US01,M_STR_SN30PB-45B,0,USD,04/15/2022,,KMAT,10001,EA,,,PD,7920,S,1,FFID_VC_CM1
M_STR_SN55-75,US01,M_STR_SN55-75,0,USD,04/15/2022,,KMAT,10001,EA,,,PD,7920,S,1,FFID_VC_CM1
M_STR_TS32C,US01,M_STR_TS32C,0,USD,04/15/2022,,KMAT,10001,EA,,,PD,7920,S,1,FFID_VC_CM1
M_STR_TS32SC,US01,M_STR_TS32SC,0,USD,04/15/2022,,KMAT,10001,EA,,,PD,7920,S,1,FFID_VC_CM1
M_STR_VS10A,US01,M_STR_VS10A,0,USD,04/15/2022,,KMAT,10001,EA,,,PD,7920,S,1,FFID_VC_CM1
M_STR_VS12A,US01,M_STR_VS12A,0,USD,04/15/2022,,KMAT,10001,EA,,,PD,7920,S,1,FFID_VC_CM1
M_STR_VS16-20A,US01,M_STR_VS16-20A,0,USD,04/15/2022,,KMAT,10001,EA,,,PD,7920,S,1,FFID_VC_CM1
M_STR_VS25-32A,US01,M_STR_VS25-32A,0,USD,04/15/2022,,KMAT,10001,EA,,,PD,7920,S,1,FFID_VC_CM1
M_SUMPHTOP_LS160,US01,M_SUMPHTOP_LS160,0,USD,04/15/2022,,KMAT,10001,EA,,,PD,7920,S,1,FFID_VC_CM1
M_SUMPHTOP_LS20T,US01,M_SUMPHTOP_LS20T,0,USD,04/15/2022,,KMAT,10001,EA,,,PD,7920,S,1,FFID_VC_CM1
M_SUMPHTOP_LS90-110,US01,M_SUMPHTOP_LS90-110,0,USD,04/15/2022,,KMAT,10001,EA,,,PD,7920,S,1,FFID_VC_CM1
M_SUMPHTOP_SN11-18,US01,M_AIROC_ES6B,0,USD,04/15/2022,,KMAT,10001,EA,,,PD,7920,S,1,FFID_VC_CM1
M_SUMPHTOP_SN18-30,US01,M_SUMPHTOP_SN18-30,0,USD,04/15/2022,,KMAT,10001,EA,,,PD,7920,S,1,FFID_VC_CM1
M_SUMPHTOP_SN30PB-45B,US01,M_SUMPHTOP_SN30PB-45B,0,USD,04/15/2022,,KMAT,10001,EA,,,PD,7920,S,1,FFID_VC_CM1
M_SUMPHTOP_SN55-75,US01,M_SUMPHTOP_SN55-75,0,USD,04/15/2022,,KMAT,10001,EA,,,PD,7920,S,1,FFID_VC_CM1
M_SUMPHTOP_TS32C,US01,M_SUMPHTOP_TS32C,0,USD,04/15/2022,,KMAT,10001,EA,,,PD,7920,S,1,FFID_VC_CM1
M_SUMPHTOP_TS32SC,US01,M_SUMPHTOP_TS32SC,0,USD,04/15/2022,,KMAT,10001,EA,,,PD,7920,S,1,FFID_VC_CM1
M_SUMPHTOP_VS10A,US01,M_SUMPHTOP_VS10A,0,USD,04/15/2022,,KMAT,10001,EA,,,PD,7920,S,1,FFID_VC_CM1
M_SUMP_PP_DS13,US01,M_SUMP_PP_DS13,0,USD,04/15/2022,,KMAT,10001,EA,,,PD,7920,S,1,FFID_VC_CM1
M_SUMP_PP_LS160,US01,M_SUMP_PP_LS160,0,USD,04/15/2022,,KMAT,10001,EA,,,PD,7920,S,1,FFID_VC_CM1
M_SUMP_PP_LS20T,US01,M_SUMP_PP_LS20T,0,USD,04/15/2022,,KMAT,10001,EA,,,PD,7920,S,1,FFID_VC_CM1
M_SUMP_PP_LS90-110,US01,M_SUMP_PP_LS90-110,0,USD,04/15/2022,,KMAT,10001,EA,,,PD,7920,S,1,FFID_VC_CM1
M_SUMP_PP_SN11-18,US01,M_SUMP_PP_SN11-18,0,USD,04/15/2022,,KMAT,10001,EA,,,PD,7920,S,1,FFID_VC_CM1
M_SUMP_PP_SN18-30,US01,M_SUMP_PP_SN18-30,0,USD,04/15/2022,,KMAT,10001,EA,,,PD,7920,S,1,FFID_VC_CM1
M_SUMP_PP_SN30PB-45B,US01,M_SUMP_PP_SN30PB-45B,0,USD,04/15/2022,,KMAT,10001,EA,,,PD,7920,S,1,FFID_VC_CM1
M_SUMP_PP_SN55-75,US01,M_SUMP_PP_SN55-75,0,USD,04/15/2022,,KMAT,10001,EA,,,PD,7920,S,1,FFID_VC_CM1
M_SUMP_PP_TS32C,US01,M_SUMP_PP_TS32C,0,USD,04/15/2022,,KMAT,10001,EA,,,PD,7920,S,1,FFID_VC_CM1
M_SUMP_PP_TS32SC,US01,M_SUMP_PP_TS32SC,0,USD,04/15/2022,,KMAT,10001,EA,,,PD,7920,S,1,FFID_VC_CM1
M_SUMP_PP_VS10A,US01,M_SUMP_PP_VS10A,0,USD,04/15/2022,,KMAT,10001,EA,,,PD,7920,S,1,FFID_VC_CM1
M_SUMP_PP_VS12A,US01,M_SUMP_PP_VS12A,0,USD,04/15/2022,,KMAT,10001,EA,,,PD,7920,S,1,FFID_VC_CM1
M_SUMP_PP_VS16-20A,US01,M_SUMP_PP_VS16-20A,0,USD,04/15/2022,,KMAT,10001,EA,,,PD,7920,S,1,FFID_VC_CM1
M_SUMP_PP_VS25-32A,US01,M_SUMP_PP_VS25-32A,0,USD,04/15/2022,,KMAT,10001,EA,,,PD,7920,S,1,FFID_VC_CM1
M_SUPT_FRAME_375B,US01,M_SUPT_FRAME_375B,0,USD,04/15/2022,,KMAT,10001,EA,,,PD,7920,S,1,FFID_VC_CM1
M_SUPT_FRAME_375D,US01,M_SUPT_FRAME_375D,0,USD,04/15/2022,,KMAT,10001,EA,,,PD,7920,S,1,FFID_ALL5
M_TACHOMETER_375B,US01,M_TACHOMETER_375B,0,USD,04/15/2022,,KMAT,10001,EA,,,PD,7920,S,1,FFID_VC_CM1
M_TESTOPT_SN30PB-45B,US01,M_TESTOPT_SN30PB-45B,0,USD,04/15/2022,,KMAT,10001,EA,,,PD,7920,S,1,FFID_VC_CM1
M_TIRES_185D,US01,M_TIRES_185D,0,USD,04/15/2022,,KMAT,10001,EA,,,PD,7920,S,1,FFID_VC_CM1
M_TIRES_185F,US01,M_TIRES_185F,0,USD,04/15/2022,,KMAT,10001,EA,,,PD,7920,S,1,FFID_VC_CM1
M_TIRES_375B,US01,M_TIRES_375B,0,USD,04/15/2022,,KMAT,10001,EA,,,PD,7920,S,1,FFID_VC_CM1
M_TIRES_375D,US01,M_TIRES_375D,0,USD,04/15/2022,,KMAT,10001,EA,,,PD,7920,S,1,FFID_ALL5
M_TOWBAR_JACK_375D,US01,M_TOWBAR_JACK_375D,0,USD,04/15/2022,,KMAT,10001,EA,,,PD,7920,S,1,FFID_VC_CM1
M_TOWBAR_JCK_185F,US01,M_TOWBAR_JCK_185F,0,USD,04/15/2022,,KMAT,10001,EA,,,PD,7920,S,1,FFID_VC_CM1
M_TOWBAR_JCK_375B,US01,M_TOWBAR_JCK_375B,0,USD,04/15/2022,,KMAT,10001,EA,,,PD,7920,S,1,FFID_VC_CM1
M_VACBRK_VS25-32A,US01,M_VACBRK_VS25-32A,0,USD,04/15/2022,,KMAT,10001,EA,,,PD,7920,S,1,FFID_VC_CM1
M_WCACOPT_LS160,US01,M_WCACOPT_LS160,0,USD,04/15/2022,,KMAT,10001,EA,,,PD,7920,S,1,FFID_VC_CM1
M_WCACOPT_LS20T,US01,M_WCACOPT_LS20T,0,USD,04/15/2022,,KMAT,10001,EA,,,PD,7920,S,1,FFID_VC_CM1
M_WCACOPT_LS90-110,US01,M_WCACOPT_LS90-110,0,USD,04/15/2022,,KMAT,10001,EA,,,PD,7920,S,1,FFID_VC_CM1
M_WCACOPT_SN30PB-45BV,US01,M_WCACOPT_SN30PB-45BV,0,USD,04/15/2022,,KMAT,10001,EA,,,PD,7920,S,1,FFID_VC_CM1
M_WCACOPT_SN55-75,US01,M_WCACOPT_SN55-75,0,USD,04/15/2022,,KMAT,10001,EA,,,PD,7920,S,1,FFID_VC_CM1
M_WCACOPT_TS32C,US01,M_WCACOPT_TS32C,0,USD,04/15/2022,,KMAT,10001,EA,,,PD,7920,S,1,FFID_VC_CM1
M_WCACOPT_TS32SC,US01,M_WCACOPT_TS32SC,0,USD,04/15/2022,,KMAT,10001,EA,,,PD,7920,S,1,FFID_VC_CM1
M_WEAHDOPT_DS13,US01,M_WEAHDOPT_DS13,0,USD,04/15/2022,,KMAT,10001,EA,,,PD,7920,S,1,FFID_VC_CM1
M_WEAHDOPT_LS160,US01,M_WEAHDOPT_LS160,0,USD,04/15/2022,,KMAT,10001,EA,,,PD,7920,S,1,FFID_VC_CM1
M_WEAHDOPT_LS20T,US01,M_WEAHDOPT_LS20T,0,USD,04/15/2022,,KMAT,10001,EA,,,PD,7920,S,1,FFID_VC_CM1
M_WEAHDOPT_LS90-110,US01,M_WEAHDOPT_LS90-110,0,USD,04/15/2022,,KMAT,10001,EA,,,PD,7920,S,1,FFID_VC_CM1
M_WEAHDOPT_SN11-18,US01,M_AIROC_LS160,0,USD,04/15/2022,,KMAT,10001,EA,,,PD,7920,S,1,FFID_VC_CM1
M_WEAHDOPT_SN18-30,US01,M_WEAHDOPT_SN18-30,0,USD,04/15/2022,,KMAT,10001,EA,,,PD,7920,S,1,FFID_VC_CM1
M_WEAHDOPT_SN30PB-45B,US01,M_WEAHDOPT_SN30PB-45B,0,USD,04/15/2022,,KMAT,10001,EA,,,PD,7920,S,1,FFID_VC_CM1
M_WEAHDOPT_SN55-75,US01,M_WEAHDOPT_SN55-75,0,USD,04/15/2022,,KMAT,10001,EA,,,PD,7920,S,1,FFID_VC_CM1
M_WEAHDOPT_TS32C,US01,M_WEAHDOPT_TS32C,0,USD,04/15/2022,,KMAT,10001,EA,,,PD,7920,S,1,FFID_VC_CM1
M_WEAHDOPT_TS32SC,US01,M_WEAHDOPT_TS32SC,0,USD,04/15/2022,,KMAT,10001,EA,,,PD,7920,S,1,FFID_VC_CM1
M_WTROC_DS13,US01,M_WTROC_DS13,0,USD,04/15/2022,,KMAT,10001,EA,,,PD,7920,S,1,FFID_VC_CM1
M_WTROC_LS160,US01,M_WTROC_LS160,0,USD,04/15/2022,,KMAT,10001,EA,,,PD,7920,S,1,FFID_VC_CM1
M_WTROC_LS20T,US01,M_WTROC_LS20T,0,USD,04/15/2022,,KMAT,10001,EA,,,PD,7920,S,1,FFID_VC_CM1
M_WTROC_LS90-110,US01,M_WTROC_LS90-110,0,USD,04/15/2022,,KMAT,10001,EA,,,PD,7920,S,1,FFID_VC_CM1
M_WTROC_SN30PB-45BV,US01,M_WTROC_SN30PB-45BV,0,USD,04/15/2022,,KMAT,10001,EA,,,PD,7920,S,1,FFID_VC_CM1
M_WTROC_SN55-75,US01,M_WTROC_SN55-75,0,USD,04/15/2022,,KMAT,10001,EA,,,PD,7920,S,1,FFID_VC_CM1
M_WTROC_TS32C,US01,M_WTROC_TS32C,0,USD,04/15/2022,,KMAT,10001,EA,,,PD,7920,S,1,FFID_VC_CM1
M_WTROC_TS32SC,US01,M_WTROC_TS32SC,0,USD,04/15/2022,,KMAT,10001,EA,,,PD,7920,S,1,FFID_VC_CM1
M_WTROC_VS12A,US01,M_WTROC_VS12A,0,USD,04/15/2022,,KMAT,10001,EA,,,PD,7920,S,1,FFID_VC_CM1
M_WTROC_VS16-20A,US01,M_WTROC_VS16-20A,0,USD,04/15/2022,,KMAT,10001,EA,,,PD,7920,S,1,FFID_VC_CM1
M_WTROC_VS25-32A,US01,M_WTROC_VS25-32A,0,USD,04/15/2022,,KMAT,10001,EA,,,PD,7920,S,1,FFID_VC_CM1
M_WTRPP_DS13,US01,M_WTRPP_DS13,0,USD,04/15/2022,,KMAT,10001,EA,,,PD,7920,S,1,FFID_VC_CM1
M_WTRPP_LS160,US01,M_WTRPP_LS160,0,USD,04/15/2022,,KMAT,10001,EA,,,PD,7920,S,1,FFID_VC_CM1
M_WTRPP_LS20T,US01,M_WTRPP_LS20T,0,USD,04/15/2022,,KMAT,10001,EA,,,PD,7920,S,1,FFID_VC_CM1
M_WTRPP_LS90-110,US01,M_WTRPP_LS90-110,0,USD,04/15/2022,,KMAT,10001,EA,,,PD,7920,S,1,FFID_VC_CM1
M_WTRPP_SN30PB-45BV,US01,M_WTRPP_SN30PB-45BV,0,USD,04/15/2022,,KMAT,10001,EA,,,PD,7920,S,1,FFID_VC_CM1
M_WTRPP_SN55-75,US01,M_WTRPP_SN55-75,0,USD,04/15/2022,,KMAT,10001,EA,,,PD,7920,S,1,FFID_VC_CM1
M_WTRPP_TS32C,US01,M_WTRPP_TS32C,0,USD,04/15/2022,,KMAT,10001,EA,,,PD,7920,S,1,FFID_VC_CM1
M_WTRPP_TS32SC,US01,M_WTRPP_TS32SC,0,USD,04/15/2022,,KMAT,10001,EA,,,PD,7920,S,1,FFID_VC_CM1
M_WTRPP_VS12A,US01,M_WTRPP_VS12A,0,USD,04/15/2022,,KMAT,10001,EA,,,PD,7920,S,1,FFID_VC_CM1
M_WTRPP_VS16-20A,US01,M_WTRPP_VS16-20A,0,USD,04/15/2022,,KMAT,10001,EA,,,PD,7920,S,1,FFID_VC_CM1
M_WTRPP_VS25-32A,US01,M_WTRPP_VS25-32A,0,USD,04/15/2022,,KMAT,10001,EA,,,PD,7920,S,1,FFID_VC_CM1
M_WTRSVLOP_TS32C,US01,M_WTRSVLOP_TS32C,0,USD,04/15/2022,,KMAT,10001,EA,,,PD,7920,S,1,FFID_VC_CM1
M_WTRSVLOP_TS32SC,US01,M_WTRSVLOP_TS32SC,0,USD,04/15/2022,,KMAT,10001,EA,,,PD,7920,S,1,FFID_VC_CM1
M_WTRSVLOP_VS16-20A,US01,M_WTRSVLOP_VS16-20A,0,USD,04/15/2022,,KMAT,10001,EA,,,PD,7920,S,1,FFID_VC_CM1
M_WTRSVLOP_VS25-32A,US01,M_WTRSVLOP_VS25-32A,0,USD,04/15/2022,,KMAT,10001,EA,,,PD,7920,S,1,FFID_VC_CM1
M_WTR_SEP_375B,US01,M_WTR_SEP_375B,0,USD,04/15/2022,,KMAT,10001,EA,,,PD,7920,S,1,FFID_VC_CM1
OFD1550B,US01,OFD1550B PORTABLE COMPRESSOR,"3,000.00",USD,06/29/2022,,KMAT,10001,EA,,,PD,7920,S,1,VC_RFC_USER
OFD1550E,US01,OFD1550E PORTABLE COMPRESSOR,0,USD,06/29/2022,,KMAT,10001,EA,,,PD,7920,S,1,VC_RFC_USER
REMAN_SALES_KMAT,US01,REMAN SALES KMAT,1,USD,04/28/2022,,KMAT,10001,EA,,,ND,7920,S,1,FFID_VC_CM1
SHOPTEK_SALES_KMAT,US01,SHOPTEK SALES KMAT,0.01,USD,05/08/2022,,KMAT,10001,EA,,,PD,7920,S,1,FFID_VC_CM1
SN11E-18E,US01,SN11E-18E STATIONARY COMPRESSOR,"3,000.00",USD,04/28/2022,,KMAT,10001,EA,,,PD,7920,S,1,FFID_VC_CM1
SN18-30,US01,SN18-30 STATIONARY COMPRESSOR,0.01,USD,05/12/2022,,KMAT,10001,EA,,,PD,7920,S,1,FFID_VC_CM2
SN30PB-45B,US01,SN30PB-45B STATIONARY COMPRESSOR,"3,000.00",USD,04/28/2022,,KMAT,10001,EA,,,PD,7920,S,1,FFID_VC_CM1
SN55-75,US01,SN55-75 STATIONARY COMPRESSOR,0.01,USD,05/09/2022,,KMAT,10001,EA,,,PD,7920,S,1,KALYANRA
SRL_SALES_KMAT,US01,SRL SALES KMAT,0.01,USD,04/28/2022,,KMAT,10001,EA,,,PD,7920,S,1,FFID_VC_CM1
TOOLS_ SALES_KMAT,US01,TOOLS SALES KMAT,1,USD,04/28/2022,,KMAT,10001,EA,,,ND,7920,S,1,FFID_VC_CM1
TS32C,US01,TS32C STATIONARY COMPRESSOR,0.01,USD,04/28/2022,,KMAT,10001,EA,,,PD,7920,S,1,KALYANRA
TS32SC,US01,TS32SC STATIONARY COMPRESSOR,0.01,USD,04/28/2022,,KMAT,10001,EA,,,PD,7920,S,1,KALYANRA
TSR20_SALES_KMAT,US01,TSR20 SALES KMAT,1,USD,04/28/2022,,KMAT,10001,EA,,,ND,7920,S,1,FFID_VC_CM1
TSR32_SALES_KMAT,US01,TSR32 SALES KMAT,1,USD,04/28/2022,,KMAT,10001,EA,,,ND,7920,S,1,FFID_VC_CM1
VS10A,US01,VS10A VACUUM PUMP,"3,000.00",USD,07/11/2022,,KMAT,10001,EA,,,PD,7920,S,1,FFID_VC_CM1
VS12A,US01,VS12A VACUUM PUMP,"3,000.00",USD,07/29/2022,,KMAT,10001,EA,,,PD,7920,S,1,FFID_VC_CM1
VS16-20A,US01,VS16-20A VACUUM PUMP,"3,000.00",USD,06/10/2022,,KMAT,10001,EA,,,PD,7920,S,1,FFID_VC_CM1
VS25-32A,US01,VS25-32A VACUUM PUMP,"3,000.00",USD,07/29/2022,,KMAT,10001,EA,,,PD,7920,S,1,FFID_VC_CM1
